ANN_ACC,NUM_ACC,TYP_EPV,NUM_EPV,NPV,DAT_ACC,HEU_ACC,COD_PRV,COD_ETA_CHA,COD_ETA_SUR,COD_LUM,COD_INT,TYP_LIE_ACC,COD_AGG,LOC,COD_BOU,COD_CAR,COD_TYP_CAR_AGG,NUM_ROU,SUF_NUM_ROU,PKM,LAR_CHA,COD_TYP_CHA,LAR_ACO_DRO,POS_ACO_DRO,LAR_ACO_GAU,POS_ACO_GAU,COD_TOP,SIG_HOR,SIG_VER,NUM_ROU_COU,SUF_NUM_ROU_COU,COD_TYP_CAR_CAM,COD_PRO_LON,COD_TRA_PLA,COD_TYP_COL,COD_OBS_HRT,COD_POI_CHO,COD_MAN,COD_CAU_ACC,CIR_ACC
2013,62527,2,43.0,497.0,2013-09-09,19,60,1,1,1,1,2,603.0,2.0,,,,,,,,,,,,,,,,,,,,,,15.0,,,,'12'
2013,6375,1,,746.0,2013-05-10,9,20,1,1,2,1,2,216.0,1.0,,,,,,,,,,,,,,,,,,,,,3.0,15.0,,,,'9/3'
2013,18215,1,9113.0,1984.0,2013-11-20,11,43,1,1,2,1,1,,,,,,203.0,'-',13.3,6,1.0,1.2,1.0,1.2,1.0,,1.0,2.0,,,,1.0,1.0,3.0,15.0,1.0,1.0,,'9'
2013,47087,2,113.0,235.0,2013-05-24,10,22,1,1,2,1,2,242.0,2.0,,,,,,,,,,,,,,,,,,,,,,15.0,1.0,2.0,,'12'
2013,50795,2,72.0,687.0,2013-06-20,21,14,1,1,1,1,2,150.0,2.0,,,1.0,,,,,,,,,,,,,,,,1.0,1.0,,14.0,,,,'12/3'
2013,52180,2,331.0,268.0,2013-06-14,22,47,1,1,1,1,2,292.0,2.0,,,1.0,,,,,,,,,,,,,,,,1.0,1.0,,5.0,,12.0,,'12/1'
2013,38470,2,51.0,300.0,2013-03-15,11,60,1,1,2,1,2,604.0,1.0,,,,,,,,,,,,,,,,,,,2.0,1.0,2.0,15.0,,1.0,,'9'
2013,40436,2,474.0,,2013-03-02,21,45,1,1,1,1,2,451.0,2.0,,,1.0,,,,,,,,,,,,,,,,1.0,1.0,,15.0,,,,'12'
2013,40875,2,10.0,329.0,2013-04-22,18,50,1,1,2,1,2,509.0,2.0,,,2.0,,,,,,,,,,,,,,,,1.0,1.0,,15.0,1.0,2.0,,'12'
2013,45542,2,16.0,396.0,2013-05-09,15,50,1,1,2,1,2,506.0,1.0,,,,,,,,,,,,,,,,,,,1.0,1.0,,15.0,,1.0,,'9/3'
2013,52863,2,611.0,236.0,2013-06-10,14,24,1,1,2,1,2,266.0,1.0,,,,,,,,,,,,,,,,,,,,,,14.0,,,,'21/5'
2013,606,1,,313.0,2013-01-24,13,51,1,1,2,1,1,,,,,,801.0,'-',58.8,7,1.0,1.3,1.0,1.7,1.0,,,,,,,,,,15.0,,,,'9'
2013,8773,1,7414.0,2056.0,2013-07-03,11,28,1,1,2,1,2,830.0,1.0,,,,,,,,,,,,,,,,,,,,,,14.0,,,,'21/5/14'
2013,38090,2,21.0,112.0,2013-03-01,12,51,1,1,2,1,2,510.0,1.0,,,,,,,,,,,,,,,,,,,,,,15.0,,,,'9'
2013,5695,1,11207.0,564.0,2013-05-05,14,46,9,9,2,9,1,,,,,,108.0,'-',94.5,6,1.0,,,,,,2.0,2.0,,,,1.0,1.0,,18.0,,,,'4/21'
2013,63414,2,111.0,1004.0,2013-09-09,4,22,1,1,1,1,2,242.0,1.0,,,,,,,,,,,,,,,,,,,,,,15.0,,,,'9'
2013,10888,1,6209.0,1444.0,2013-08-27,12,24,1,1,2,1,1,,,,,,2.0,'-',405.4,10,1.0,2.0,1.0,2.0,1.0,,1.0,1.0,,,,1.0,1.0,8.0,15.0,1.0,1.0,,'6/8'
2013,38992,2,112.0,315.0,2013-03-27,19,22,1,1,1,1,2,242.0,1.0,,,,,,,,,,,,,,,,,,,1.0,,7.0,18.0,,,,'3'
2013,19360,1,9205.0,1996.0,2013-12-02,15,27,1,1,2,1,2,312.0,1.0,,,,,,,,,,,,,,,,,,,,,8.0,12.0,,,,'1/16'
2013,19116,1,4109.0,6008.0,2013-12-09,19,35,1,1,1,1,1,,,,,,509.0,'-',0.5,6.5,1.0,1.9,1.0,1.8,1.0,1.0,2.0,2.0,,,,1.0,1.0,8.0,4.0,2.0,11.0,,'21'
2013,3725,1,3208.0,659.0,2013-03-23,13,9,1,1,2,1,1,,,,,,16.0,'-',145.5,4.5,1.0,1.5,1.0,1.5,1.0,1.0,1.0,1.0,,,,2.0,1.0,8.0,15.0,3.0,18.0,,'9/3'
2013,19827,1,7406.0,2395.0,2013-12-15,15,28,1,1,2,1,2,321.0,,,,,,,,,,,,,,,,,,,,,,,15.0,,18.0,,'9/3'
2013,16965,1,4104.0,3894.0,2013-11-02,10,34,1,1,2,1,1,,,,,,6.0,'-',325.1,7,1.0,1.2,1.0,1.2,1.0,1.0,1.0,1.0,,,,2.0,1.0,,14.0,,,,'14/5/21'
2013,72509,2,321.0,559.0,2013-11-28,15,26,1,1,2,1,2,298.0,1.0,,,,,,,,,,,,,,,,,,,1.0,1.0,3.0,15.0,2.0,2.0,,'9/3'
2013,16279,1,9111.0,1950.0,2013-10-16,8,22,1,1,2,1,1,,,,,,204.0,'-',96.2,7,,1.5,,1.5,,1.0,1.0,1.0,,,,1.0,1.0,8.0,18.0,9.0,1.0,,'2/19/21'
2013,40333,2,471.0,285.0,2013-03-14,9,41,1,1,2,1,2,410.0,1.0,,,,,,,,,,,,,,,,,,,,,,14.0,,,,'4/5'
2013,55875,2,302.0,531.0,2013-07-04,15,30,1,1,2,1,2,340.0,1.0,,,,,,,,,,,,,,,,,,,,,,15.0,,,,'9'
2013,32654,2,672.0,25.0,2013-01-26,13,4,1,1,2,1,2,44.0,1.0,,,,,,,,,,,,,,,,,,,1.0,2.0,,14.0,,,,'4'
2013,30374,2,5.0,22.0,2013-01-08,10,50,1,1,2,1,2,507.0,2.0,,,1.0,,,,,,,,,,,,,,,,1.0,1.0,,15.0,,,,'9'
2013,45745,2,2.0,356.0,2013-05-22,17,50,1,1,2,1,2,506.0,2.0,,,,,,,,,,,,,,,,,,,,,8.0,15.0,,,,'99'
2013,32695,2,181.0,4.0,2013-01-07,14,17,1,1,2,1,2,181.0,1.0,,,,,,,,,,,,,,,,,,,1.0,,1.0,14.0,1.0,16.0,,'3/5/14'
2013,62023,2,16.0,813.0,2013-09-16,0,50,1,1,1,1,2,506.0,2.0,,,3.0,,,,,,,,,,,,,,,,1.0,1.0,,15.0,1.0,1.0,,'12'
2013,76284,2,261.0,459.0,2013-12-16,22,36,1,1,1,1,2,391.0,1.0,,,,,,,,,,,,,,,,,,,1.0,1.0,,14.0,1.0,,,'19/21'
2013,52111,2,321.0,162.0,2013-06-09,14,26,1,1,2,1,2,298.0,2.0,,,1.0,,,,,,,,,,,,,,,,,,,15.0,1.0,2.0,,'12'
2013,68640,2,662.0,1058.0,2013-10-07,12,5,1,1,2,1,2,56.0,2.0,,,1.0,,,,,,,,,,,,,,,,1.0,1.0,7.0,15.0,1.0,12.0,,'12'
2013,19211,1,2105.0,3397.0,2013-12-04,18,16,1,1,1,1,1,,,,,,4201.0,'-',14.2,6.1,1.0,2.1,1.0,2.2,1.0,1.0,2.0,2.0,,,,1.0,1.0,8.0,14.0,1.0,16.0,,'5/21'
2013,600,1,7106.0,61.0,2013-01-07,21,51,1,1,1,1,1,,,,,,1.0,'-',346.0,8.2,1.0,2.9,1.0,1.7,1.0,1.0,2.0,2.0,,,,1.0,1.0,3.0,13.0,1.0,,,'12/9'
2013,72170,2,271.0,299.0,2013-11-15,12,40,1,1,2,1,2,421.0,1.0,,,,,,,,,,,,,,,,,,,2.0,1.0,,14.0,1.0,16.0,,'21/14'
2013,49020,2,711.0,111.0,2013-05-08,13,29,1,1,2,1,2,335.0,1.0,,,,,,,,,,,,,,,,,,,2.0,,7.0,14.0,4.0,1.0,,'3/5'
2013,57847,2,17.0,362.0,2013-08-25,2,50,1,1,1,1,2,506.0,1.0,,,,,,,,,,,,,,,,,,,1.0,1.0,,14.0,,,,'3/5'
2013,19074,1,8110.0,2150.0,2013-12-04,13,4,1,1,2,1,1,,,,,,304.0,'-',125.5,6,1.0,1.2,1.0,0.7,1.0,,2.0,1.0,,,,1.0,1.0,3.0,15.0,1.0,11.0,,'9/3'
2013,4719,1,3312.0,1100.0,2013-04-20,21,40,1,1,1,1,1,,,,,,805.0,'-',131.0,7,2.0,2.0,1.0,1.5,1.0,,1.0,1.0,,,,1.0,1.0,3.0,15.0,1.0,1.0,,'2/4/9'
2013,48304,2,451.0,79.0,2013-05-08,19,27,1,1,1,1,2,314.0,1.0,,,,,,,,,,,,,,,,,,,1.0,1.0,,15.0,,,,'3'
2013,45473,2,4.0,543.0,2013-05-31,20,50,1,1,1,1,2,508.0,1.0,,,,,,,,,,,,,,,,,,,,,,15.0,,,,'99'
2013,66359,2,3.0,701.0,2013-10-23,12,50,1,1,2,1,2,506.0,2.0,,,,,,,,,,,,,,,,,,,,,7.0,15.0,1.0,18.0,,'9'
2013,68372,2,301.0,338.0,2013-10-25,23,30,1,1,1,1,2,340.0,1.0,,,,,,,,,,,,,,,,,,,,,1.0,14.0,,,,'4'
2013,67907,2,132.0,451.0,2013-10-13,18,16,9,9,1,9,2,168.0,2.0,,,1.0,,,,,,,,,,,,,,,,,,,15.0,,,,'12'
2013,68769,2,331.0,517.0,2013-10-17,15,47,1,1,2,1,2,292.0,2.0,,,1.0,,,,,,,,,,,,,,,,,,,15.0,,,,'12'
2013,51022,2,91.0,154.0,2013-06-04,16,34,2,1,2,1,2,366.0,2.0,,,1.0,,,,,,,,,,,,,,,,1.0,1.0,2.0,15.0,2.0,1.0,,'12'
2013,36989,2,681.0,92.0,2013-02-21,14,21,1,1,2,1,2,228.0,1.0,,,,,,,,,,,,,,,,,,,,,,14.0,1.0,16.0,,'14/4'
2013,14242,1,2205.0,1399.0,2013-09-25,19,17,1,1,1,1,1,,,,,,413.0,'-',8.5,6.3,1.0,2.5,2.0,2.6,2.0,2.0,2.0,2.0,,,,2.0,2.0,7.0,14.0,2.0,,,'3/5'
2013,4591,1,99999.0,872.0,2013-04-21,6,51,1,1,2,1,1,,,,,,801.0,'-',57.85,10.5,1.0,2.5,1.0,0.8,1.0,1.0,1.0,2.0,,,,1.0,1.0,,14.0,2.0,16.0,,'21/5'
2013,37658,2,15.0,116.0,2013-03-07,8,50,1,1,2,1,2,508.0,1.0,,,,,,,,,,,,,,,,,,,,,,15.0,,,,'9/3'
2013,35516,2,131.0,93.0,2013-02-05,20,16,1,1,1,1,2,168.0,1.0,,,,,,,,,,,,,,,,,,,,,,14.0,,,,'19/9'
2013,19399,1,1113.0,2055.0,2013-12-13,16,60,2,1,2,1,1,,,,,,4023.0,'-',9999.99,3.7,1.0,3.4,1.0,2.6,1.0,,2.0,2.0,,,,1.0,1.0,7.0,15.0,7.0,2.0,,'12/9'
2013,44504,2,561.0,152.0,2013-04-10,15,28,1,1,2,1,2,328.0,2.0,,,,,,,,,,,,,,,,,,,,,3.0,15.0,,,,'12'
2013,51470,2,141.0,142.0,2013-06-26,11,18,1,1,2,1,2,189.0,2.0,,,2.0,,,,,,,,,,,,,,,,1.0,1.0,,15.0,,4.0,,'12/4'
2013,16812,1,1301.0,2536.0,2013-11-01,23,18,1,1,1,1,1,,,,,,802.0,'-',77.9,7,2.0,2.5,1.0,,,,1.0,1.0,,,,1.0,,,18.0,,,,'21'
2013,69751,2,731.0,78.0,2013-10-09,23,25,1,1,1,1,2,276.0,1.0,,,,,,,,,,,,,,,,,,,,,,15.0,,,,'9'
2014,73663,2,641.0,628.0,2014-11-13,13,5,1,1,2,1,2,51.0,1.0,,,,,,,,,,,,,,,,,,,1.0,1.0,,15.0,,,,'4'
2014,6669,1,9206.0,1820.0,2014-05-30,4,27,1,1,1,1,1,,,,,,204.0,'-',61.8,6,1.0,1.5,1.0,1.5,1.0,,2.0,2.0,,,,1.0,1.0,8.0,18.0,,,,'21'
2014,41013,2,7.0,248.0,2014-04-05,11,50,1,1,2,1,2,514.0,2.0,,,2.0,,,,,,,,,,,,,,,,1.0,1.0,,15.0,2.0,1.0,,'12'
2014,64613,2,141.0,208.0,2014-09-07,2,18,1,1,1,1,2,189.0,2.0,,,2.0,,,,,,,,,,,,,,,,1.0,1.0,,15.0,,,,'12'
2014,42443,2,101.0,153.0,2014-04-30,11,34,1,1,2,1,2,371.0,1.0,,,,,,,,,,,,,,,,,,,1.0,1.0,,14.0,,,,'21'
2014,47573,2,303.0,172.0,2014-05-13,7,30,1,1,2,1,2,340.0,2.0,,,1.0,,,,,,,,,,,,,,,,1.0,1.0,,15.0,,,,'12'
2014,47690,2,641.0,278.0,2014-05-13,22,5,1,1,1,1,2,51.0,1.0,,,,,,,,,,,,,,,,,,,1.0,1.0,,15.0,,,,'8'
2014,48900,2,12.0,314.0,2014-06-02,4,50,1,1,1,1,2,504.0,1.0,,,1.0,,,,,,,,,,,,,,,,1.0,1.0,8.0,15.0,1.0,3.0,,'99'
2014,53960,2,42.0,518.0,2014-07-06,3,60,1,1,1,1,2,603.0,2.0,,,2.0,,,,,,,,,,,,,,,,,,,15.0,,,,'12'
2014,65579,2,421.0,,2014-09-23,12,27,1,1,2,1,2,311.0,1.0,,,,,,,,,,,,,,,,,,,1.0,,,14.0,,,,'21/5'
2014,49145,2,14.0,399.0,2014-06-01,22,50,1,1,1,1,2,507.0,1.0,,,,,,,,,,,,,,,,,,,1.0,,,15.0,,,,'8'
2014,71136,2,9.0,1068.0,2014-11-20,13,50,1,1,2,1,2,504.0,1.0,,,,,,,,,,,,,,,,,,,1.0,1.0,,14.0,,,,'21'
2014,14241,1,8117.0,2484.0,2014-09-04,14,5,1,1,2,1,1,,,,,,309.0,'-',62.8,6.3,1.0,2.1,1.0,2.2,1.0,1.0,2.0,2.0,,,,1.0,1.0,7.0,14.0,1.0,16.0,,'21/5'
2014,66086,2,45.0,627.0,2014-09-06,16,60,1,1,2,1,2,607.0,2.0,,,1.0,,,,,,,,,,,,,,,,,,,15.0,,,,'12'
2014,65173,2,641.0,527.0,2014-09-15,15,5,1,1,2,1,2,51.0,1.0,,,,,,,,,,,,,,,,,,,1.0,1.0,,7.0,,,,'16'
2014,13381,1,8201.0,1542.0,2014-09-06,13,20,1,1,2,1,1,,,,,,401.0,'-',147.15,6.2,1.0,1.4,1.0,1.5,1.0,,2.0,2.0,,,,1.0,1.0,,13.0,1.0,,,'6/4/21'
2014,52667,2,611.0,204.0,2014-06-26,14,24,1,1,2,1,2,266.0,1.0,,,,,,,,,,,,,,,,,,,,,,18.0,,,,'21'
2014,38485,2,112.0,239.0,2014-03-08,14,22,1,1,2,1,2,242.0,2.0,,,1.0,,,,,,,,,,,,,,,,,,,15.0,,,,'12'
2014,75704,2,101.0,509.0,2014-12-08,15,34,1,1,2,1,2,371.0,1.0,,,,,,,,,,,,,,,,,,,1.0,1.0,,15.0,,,,'13'
2014,2049,1,8101.0,768.0,2014-02-26,15,5,1,1,2,1,1,,,,,,11.0,'-',173.8,6.2,1.0,2.2,1.0,2.4,1.0,,2.0,2.0,,,,1.0,1.0,,15.0,,,,'12/9/3'
2014,73913,2,421.0,1057.0,2014-11-02,22,27,1,1,1,1,2,311.0,1.0,,,,,,,,,,,,,,,,,,,1.0,,2.0,15.0,4.0,1.0,,'3'
2014,30729,2,3.0,7.0,2014-01-04,23,50,1,1,1,1,2,506.0,1.0,,,,,,,,,,,,,,,,,,,,,7.0,15.0,1.0,1.0,,'3/9'
2014,4242,1,7414.0,1505.0,2014-04-11,11,28,2,1,2,1,1,,,,,,3606.0,'-',9999.99,5.1,1.0,1.5,1.0,1.5,1.0,,2.0,2.0,,,,1.0,1.0,1.0,15.0,1.0,4.0,,'9'
2014,56450,2,471.0,795.0,2014-07-02,18,41,1,1,2,1,2,410.0,2.0,,,1.0,,,,,,,,,,,,,,,,1.0,1.0,,15.0,,,,'12'
2014,75681,2,101.0,535.0,2014-12-24,9,34,1,1,2,1,2,371.0,2.0,,,,,,,,,,,,,,,,,,,,,,15.0,,,,'12'
2014,4235,1,7304.0,343.0,2014-04-14,18,28,1,1,2,1,1,,,,,,3606.0,'-',9999.99,5,1.0,1.5,1.0,1.2,1.0,,2.0,2.0,,,,1.0,1.0,,15.0,,,,'9'
2014,38647,2,118.0,334.0,2014-03-09,21,11,1,1,1,1,2,115.0,1.0,,,,,,,,,,,,,,,,,,,1.0,4.0,,14.0,,,,'3/5/19'
2014,59287,2,45.0,611.0,2014-08-30,17,60,1,1,2,1,2,607.0,1.0,,,,,,,,,,,,,,,,,,,,,1.0,16.0,,,,'21/5'
2014,66320,2,621.0,200.0,2014-09-27,20,3,1,1,1,1,2,31.0,2.0,,,1.0,,,,,,,,,,,,,,,,1.0,1.0,,15.0,,,,'12'
2014,34734,2,111.0,122.0,2014-02-01,18,22,1,1,1,1,2,242.0,2.0,,,1.0,,,,,,,,,,,,,,,,1.0,1.0,1.0,,1.0,2.0,,'12'
2014,12135,1,,2096.0,2014-08-11,19,45,1,1,2,1,1,,,,,,1014.0,'-',11.5,,,,,,,,,,,,,1.0,1.0,,18.0,,,,'2/16'
2014,35903,2,322.0,80.0,2014-02-11,16,26,1,1,2,1,2,298.0,1.0,,,,,,,,,,,,,,,,,,,1.0,1.0,,15.0,,,,'9/3'
2014,74010,2,461.0,224.0,2014-11-13,16,12,1,1,2,1,2,125.0,2.0,,,2.0,,,,,,,,,,,,,,,,1.0,1.0,3.0,15.0,1.0,12.0,,'12'
2014,19308,1,8111.0,861.0,2014-12-12,17,4,1,1,2,1,1,,,,,,306.0,'-',6.8,6,1.0,1.0,1.0,1.0,1.0,,2.0,2.0,,,,1.0,1.0,,15.0,,,,'4/12'
2014,58516,2,14.0,1006.0,2014-12-30,10,50,1,1,2,1,2,507.0,1.0,,,,,,,,,,,,,,,,,,,,,,15.0,,,,'4'
2014,12685,1,4108.0,3169.0,2014-08-25,16,35,1,1,2,1,1,,,,,,5319.0,'-',7.7,6.4,1.0,1.9,1.0,1.7,1.0,,2.0,2.0,,,,1.0,1.0,8.0,,,11.0,,'19/4/1/21'
2014,76156,2,132.0,646.0,2014-12-23,17,16,1,1,2,1,2,168.0,1.0,,,,,,,,,,,,,,,,,,,,,,15.0,,,,'3/9'
2014,48928,2,12.0,348.0,2014-06-17,16,50,1,1,2,1,2,504.0,1.0,,,,,,,,,,,,,,,,,,,1.0,1.0,8.0,14.0,7.0,16.0,,'21/5'
2014,73058,2,131.0,212.0,2014-11-03,20,16,1,1,1,1,2,168.0,2.0,,,1.0,,,,,,,,,,,,,,,,,,,15.0,,,,'3'
2014,32605,2,473.0,,2014-01-26,15,45,1,1,2,1,2,452.0,1.0,,,,,,,,,,,,,,,,,,,1.0,1.0,,15.0,,,,'9/3'
2014,55942,2,231.0,248.0,2014-07-05,20,26,1,1,1,1,2,298.0,2.0,,,1.0,,,,,,,,,,,,,,,,1.0,1.0,,15.0,,,,'3'
2014,75745,2,111.0,1459.0,2014-12-08,22,22,1,1,1,1,2,242.0,1.0,,,1.0,,,,,,,,,,,,,,,,1.0,1.0,,15.0,,,,'4/12'
2014,70540,2,476.0,,2014-10-16,19,37,1,1,1,1,2,399.0,2.0,,,2.0,,,,,,,,,,,,,,,,1.0,1.0,,15.0,,,,'12'
2014,9779,1,7247.0,2848.0,2014-07-10,15,22,1,1,2,1,1,,,,,,9999.0,'-',9999.99,3.9,1.0,1.0,1.0,1.8,1.0,,,,,,,,,,7.0,,,,'21/1'
2014,61602,2,460.0,1218.0,2014-08-30,13,10,1,1,2,1,2,109.0,1.0,,,,,,,,,,,,,,,,,,,1.0,1.0,,14.0,,,,'3/5'
2014,38997,2,241.0,35.0,2014-03-05,21,19,2,1,1,1,2,204.0,1.0,,,,,,,,,,,,,,,,,,,,,,10.0,1.0,,,'15/16'
2014,77824,2,621.0,230.0,2014-12-24,8,3,1,1,2,1,2,31.0,2.0,,,2.0,,,,,,,,,,,,,,,,1.0,1.0,5.0,17.0,9.0,4.0,,'12/4'
2014,8543,1,99999.0,1176.0,2014-06-26,6,3,1,1,2,1,1,,,,,,16.0,'-',263.1,8,1.0,1.5,1.0,1.5,1.0,1.0,1.0,1.0,,,,1.0,3.0,8.0,18.0,9.0,1.0,,'2/21'
2014,36030,2,421.0,146.0,2014-02-04,21,27,1,1,1,1,2,311.0,2.0,,,1.0,,,,,,,,,,,,,,,,1.0,1.0,,15.0,,,,'12'
2014,15503,1,8115.0,2313.0,2014-10-21,19,5,1,1,1,1,2,431.0,1.0,,,,,,,,,,,,,,,,,,,,,,15.0,,,,'3'
2014,33551,2,7.0,113.0,2014-02-20,9,50,1,1,2,1,2,514.0,1.0,,,,,,,,,,,,,,,,,,,1.0,1.0,,14.0,,,,'21/5'
2014,57769,2,3.0,512.0,2014-08-13,17,50,1,1,2,1,2,506.0,2.0,,,,,,,,,,,,,,,,,,,,,7.0,15.0,2.0,2.0,,'12'
2014,4594,1,2211.0,433.0,2014-04-03,20,17,1,1,1,1,1,,,,,,4528.0,'-',9999.99,5,1.0,3.1,1.0,3.0,1.0,,1.0,2.0,,,,1.0,1.0,,14.0,,,,'21/5/14'
2014,65043,2,301.0,405.0,2014-09-23,10,30,1,1,2,1,2,340.0,1.0,,,,,,,,,,,,,,,,,,,,,,14.0,,,,'21'
2014,50649,2,101.0,214.0,2014-06-11,20,34,1,1,1,1,2,371.0,1.0,,,,,,,,,,,,,,,,,,,,,,15.0,,,,'4/13/8'
2014,37695,2,21.0,187.0,2014-03-17,9,51,1,1,2,1,2,510.0,1.0,,,,,,,,,,,,,,,,,,,,,,14.0,,,,'5'
2014,56138,2,421.0,,2014-07-30,23,27,1,1,1,1,2,311.0,1.0,,,,,,,,,,,,,,,,,,,1.0,,,14.0,,,,'4/14'
2014,73940,2,421.0,1085.0,2014-11-14,15,27,1,1,2,1,2,311.0,1.0,,,,,,,,,,,,,,,,,,,1.0,,,14.0,,16.0,,'3/5'
2014,62809,2,6.0,502.0,2014-09-04,23,50,1,1,1,1,2,507.0,1.0,,,,,,,,,,,,,,,,,,,1.0,1.0,,14.0,,,,'3/5'
2014,76539,2,262.0,494.0,2014-12-07,8,36,1,1,2,1,2,391.0,1.0,,,,,,,,,,,,,,,,,,,1.0,1.0,,15.0,1.0,2.0,,'3/9'
2014,59512,2,52.0,467.0,2014-08-15,12,60,1,1,2,1,2,613.0,2.0,,,1.0,,,,,,,,,,,,,,,,,,,15.0,,,,'12'
2014,30938,2,45.0,44.0,2014-01-21,20,60,1,1,1,1,2,607.0,2.0,,,1.0,,,,,,,,,,,,,,,,,,,15.0,,,,'12'
2014,70322,2,471.0,1316.0,2014-10-20,17,41,1,1,2,1,2,410.0,1.0,,,,,,,,,,,,,,,,,,,1.0,1.0,,15.0,,,,'3/9'
2014,65907,2,477.0,414.0,2014-09-11,21,41,1,1,1,1,2,411.0,2.0,,,1.0,,,,,,,,,,,,,,,,1.0,1.0,1.0,14.0,1.0,16.0,,'19/4'
2014,2221,1,6304.0,298.0,2014-02-17,12,47,1,1,2,1,1,,,,,,6000.0,'-',9.06,7.4,1.0,1.0,1.0,1.8,1.0,,1.0,1.0,,,,1.0,1.0,8.0,15.0,4.0,1.0,,'9'
2014,78898,2,43.0,,2014-01-03,12,60,1,1,2,1,2,603.0,1.0,,,,,,,,,,,,,,,,,,,,,,18.0,,,,'16'
2014,75306,2,51.0,1663.0,2014-12-24,22,60,1,1,1,1,2,604.0,2.0,,,,,,,,,,,,,,,,,,,2.0,1.0,2.0,15.0,4.0,1.0,,'12'
2014,49148,2,14.0,476.0,2014-06-27,20,50,1,1,1,1,2,507.0,1.0,,,,,,,,,,,,,,,,,,,,,,15.0,,,,'9'
2014,44682,2,12.0,261.0,2014-05-06,8,50,1,1,2,1,2,504.0,1.0,,,,,,,,,,,,,,,,,,,,,8.0,14.0,1.0,16.0,,'99'
2014,58212,2,11.0,670.0,2014-12-02,21,50,1,1,2,1,2,504.0,1.0,,,,,,,,,,,,,,,,,,,1.0,1.0,,14.0,,,,'99'
2014,66592,2,15.0,284.0,2014-09-02,19,50,1,1,2,1,2,508.0,1.0,,,,,,,,,,,,,,,,,,,,,,15.0,,,,'12'
2014,16955,1,1113.0,2093.0,2014-11-06,16,60,1,1,2,1,1,,,,,,4023.0,'-',9999.99,4,1.0,3.3,1.0,2.4,1.0,1.0,2.0,2.0,,,,1.0,1.0,8.0,18.0,9.0,1.0,,'21'
2014,38053,2,71.0,121.0,2014-03-25,15,14,2,1,2,1,2,150.0,2.0,,,1.0,,,,,,,,,,,,,,,,1.0,1.0,,15.0,,,,'12'
2014,56026,2,322.0,365.0,2014-07-26,22,26,1,1,1,1,2,298.0,1.0,,,,,,,,,,,,,,,,,,,1.0,1.0,,15.0,,,,'13'
2014,58057,2,41.0,328.0,2014-08-09,9,60,1,1,2,1,2,603.0,1.0,,,,,,,,,,,,,,,,,,,,,,15.0,,,,'9'
2014,49208,2,14.0,466.0,2014-06-25,14,50,1,1,2,1,2,507.0,2.0,,,2.0,,,,,,,,,,,,,,,,1.0,,,15.0,,,,'12'
2014,40715,2,10.0,265.0,2014-04-03,17,50,1,1,2,1,2,504.0,1.0,,,,,,,,,,,,,,,,,,,,,,14.0,,,,'99'
2014,19699,1,11203.0,1968.0,2014-12-30,22,25,1,1,1,1,1,,,,,,1516.0,'-',9.2,6,1.0,3.0,1.0,3.0,1.0,1.0,1.0,1.0,,,,1.0,1.0,3.0,15.0,8.0,1.0,,'12/9/3'
2014,16783,1,10405.0,1485.0,2014-11-10,16,8,1,1,2,1,1,,,,,,1.0,'-',1621.0,6,1.0,1.2,1.0,1.2,1.0,1.0,1.0,1.0,,,,1.0,1.0,8.0,18.0,1.0,1.0,,'21'
2014,42959,2,181.0,69.0,2014-04-21,10,17,1,1,2,1,2,181.0,1.0,,,,,,,,,,,,,,,,,,,,,,18.0,,,,'16'
2014,46926,2,112.0,635.0,2014-05-18,16,22,1,1,2,1,2,242.0,1.0,,,,,,,,,,,,,,,,,,,1.0,1.0,2.0,15.0,,,,'3'