ANN_ACC,NUM_ACC,TYP_EPV,NUM_EPV,NPV,DAT_ACC,HEU_ACC,COD_PRV,COD_ETA_CHA,COD_ETA_SUR,COD_LUM,COD_INT,TYP_LIE_ACC,COD_AGG,LOC,COD_BOU,COD_CAR,COD_TYP_CAR_AGG,NUM_ROU,SUF_NUM_ROU,PKM,LAR_CHA,COD_TYP_CHA,LAR_ACO_DRO,POS_ACO_DRO,LAR_ACO_GAU,POS_ACO_GAU,COD_TOP,SIG_HOR,SIG_VER,NUM_ROU_COU,SUF_NUM_ROU_COU,COD_TYP_CAR_CAM,COD_PRO_LON,COD_TRA_PLA,COD_TYP_COL,COD_OBS_HRT,COD_POI_CHO,COD_MAN,COD_CAU_ACC,CIR_ACC
2014,6608,1,2111.0,20.0,2014-05-21,9,16,1,2,2,2,2,168.0,1.0,,,,,,,,,,,,,,,,,,,,,2.0,15.0,4.0,1.0,,'9/3'
2014,3697,1,11209.0,353.0,2014-03-02,8,25,1,1,2,1,1,,,,,,10.0,'-',538.12,6,1.0,1.0,1.0,1.0,1.0,,1.0,1.0,,,,1.0,3.0,,18.0,,,,'19/4/21'
2014,13575,1,10106.0,408.0,2014-09-26,11,21,1,1,2,1,1,,,,,,1.0,'-',1505.9,6,1.0,0.5,1.0,0.5,,,,,,,,,,8.0,13.0,1.0,1.0,,'21'
2014,42056,2,51.0,407.0,2014-04-05,14,60,1,1,2,1,2,604.0,1.0,,,,,,,,,,,,,,,,,,,2.0,1.0,,14.0,,,,'3'
2014,63997,2,74.0,498.0,2014-09-17,21,14,1,1,1,1,2,150.0,1.0,,,,,,,,,,,,,,,,,,,1.0,1.0,7.0,14.0,1.0,16.0,,'4/5'
2014,65914,2,477.0,1037.0,2014-09-06,11,41,1,1,2,1,2,411.0,2.0,,,1.0,,,,,,,,,,,,,,,,1.0,1.0,2.0,15.0,1.0,,,'9/3'
2014,76972,2,322.0,787.0,2014-12-20,11,26,1,1,1,1,2,298.0,2.0,,,1.0,,,,,,,,,,,,,,,,1.0,1.0,2.0,15.0,4.0,1.0,,'12'
2014,39500,2,321.0,81.0,2014-03-02,3,26,1,2,1,2,2,298.0,1.0,,,,,,,,,,,,,,,,,,,1.0,1.0,,12.0,,,,'19/1/21'
2014,50365,2,71.0,271.0,2014-06-29,18,14,1,1,2,1,2,150.0,1.0,,,,,,,,,,,,,,,,,,,1.0,1.0,3.0,15.0,8.0,1.0,,'9'
2014,30318,2,14.0,75.0,2014-01-23,11,50,1,1,2,1,2,504.0,2.0,,,,,,,,,,,,,,,,,,,1.0,,,15.0,,,,'12'
2014,61940,2,541.0,350.0,2014-08-13,13,20,1,1,2,1,2,217.0,2.0,,,1.0,,,,,,,,,,,,,,,,1.0,1.0,,15.0,,,,'12'
2014,6615,1,2114.0,2885.0,2014-05-31,11,16,1,1,2,1,1,,,,,,805.0,'-',232.7,7.2,1.0,1.2,1.0,2.2,1.0,1.0,1.0,1.0,,,,1.0,1.0,8.0,13.0,8.0,10.0,,'21'
2014,78845,2,42.0,60.0,2014-01-25,4,60,1,1,1,1,2,603.0,1.0,,,,,,,,,,,,,,,,,,,1.0,1.0,,9.0,,,,'21/1'
2014,34673,2,111.0,253.0,2014-02-28,13,22,1,1,2,1,2,242.0,1.0,,,,,,,,,,,,,,,,,,,1.0,1.0,2.0,15.0,,1.0,,'3'
2014,52350,2,474.0,,2014-06-06,15,45,1,1,2,1,2,451.0,1.0,,,,,,,,,,,,,,,,,,,1.0,1.0,,15.0,,,,'3/9'
2014,34623,2,52.0,71.0,2014-02-03,14,60,1,1,2,1,2,613.0,1.0,,,,,,,,,,,,,,,,,,,,,,15.0,,,,'8'
2014,56771,2,581.0,64.0,2014-07-23,19,13,1,1,2,1,2,138.0,1.0,,,,,,,,,,,,,,,,,,,1.0,1.0,,14.0,,,,'3/5/14'
2014,48027,2,421.0,,2014-05-01,0,27,1,1,1,1,2,311.0,2.0,,,1.0,,,,,,,,,,,,,,,,1.0,,,15.0,,,,'3/9'
2014,38588,2,114.0,133.0,2014-03-17,10,48,1,1,2,1,2,238.0,1.0,,,,,,,,,,,,,,,,,,,1.0,1.0,8.0,14.0,,16.0,,'21/5'
2014,55455,2,236.0,21.0,2014-07-20,20,23,2,1,1,1,2,759.0,1.0,,,,,,,,,,,,,,,,,,,1.0,1.0,1.0,15.0,9.0,2.0,,'14/4'
2014,47720,2,641.0,296.0,2014-05-18,23,5,1,1,1,1,2,51.0,1.0,,,,,,,,,,,,,,,,,,,,,,14.0,,,,'3'
2014,45077,2,6.0,295.0,2014-05-29,23,50,1,1,1,1,2,507.0,2.0,,,1.0,,,,,,,,,,,,,,,,1.0,1.0,3.0,15.0,,2.0,,'12'
2014,68881,2,120.0,9999.0,2014-10-30,21,11,1,1,1,1,2,116.0,1.0,,,,,,,,,,,,,,,,,,,1.0,1.0,,14.0,,,,'3/5/4'
2014,16603,1,940.0,2420.0,2014-10-01,16,12,1,1,1,1,1,,,,,,2220.0,'-',9999.99,4.1,1.0,,,,,1.0,2.0,2.0,,,,2.0,2.0,,15.0,,,,'4/9/12'
2014,51390,2,251.0,574.0,2014-06-10,18,53,1,1,2,1,2,206.0,1.0,,,,,,,,,,,,,,,,,,,1.0,1.0,,14.0,,,,'14/3'
2014,79182,2,611.0,170.0,2014-05-28,11,24,1,1,2,1,2,266.0,1.0,,,,,,,,,,,,,,,,,,,,,,14.0,,,,'99'
2014,15318,1,,825.0,2014-10-04,10,24,1,1,2,1,2,263.0,,,,,,,,,,,,,,,,,,,,,,8.0,14.0,,,,'7/21/5'
2014,76887,2,321.0,504.0,2014-12-16,21,26,1,2,1,2,2,298.0,2.0,,,1.0,,,,,,,,,,,,,,,,1.0,1.0,,15.0,1.0,,,'12'
2014,44216,2,473.0,,2014-04-28,19,45,1,1,1,1,2,452.0,1.0,,,,,,,,,,,,,,,,,,,1.0,1.0,,15.0,7.0,4.0,,'9'
2014,2880,1,4105.0,660.0,2014-03-30,15,42,1,1,2,1,1,,,,,,5013.0,'-',9999.99,5.1,1.0,2.5,1.0,2.5,1.0,,2.0,2.0,,,,1.0,1.0,8.0,14.0,1.0,16.0,,'21/5/14'
2014,50272,2,52.0,347.0,2014-06-20,21,60,1,1,1,1,2,613.0,1.0,,,,,,,,,,,,,,,,,,,,,,15.0,,,,'9'
2014,49888,2,542.0,456.0,2014-06-08,2,60,1,1,1,1,2,603.0,2.0,,,3.0,,,,,,,,,,,,,,,,1.0,1.0,,5.0,,,,'12'
2014,15204,1,7409.0,3015.0,2014-10-31,12,28,1,1,2,1,2,321.0,,,,,,,,,,,,,,,,,,,,,,,15.0,9.0,,,'9/3'
2014,32733,2,111.0,104.0,2014-01-27,13,22,1,1,2,1,2,242.0,2.0,,,1.0,,,,,,,,,,,,,,,,1.0,1.0,,15.0,,,,'12'
2014,76713,2,302.0,1081.0,2014-12-14,18,30,1,2,2,2,2,340.0,1.0,,,,,,,,,,,,,,,,,,,1.0,1.0,,14.0,,,,'21/5'
2014,5455,1,4104.0,671.0,2014-04-23,12,14,1,1,2,1,1,,,,,,8.0,'-',752.8,7.8,1.0,1.5,1.0,1.7,1.0,1.0,1.0,1.0,,,,1.0,1.0,8.0,15.0,8.0,10.0,,'7/21'
2014,50963,2,120.0,9999.0,2014-06-25,12,11,1,1,2,1,2,116.0,2.0,,,1.0,,,,,,,,,,,,,,,,1.0,1.0,,15.0,,,,'12'
2014,55004,2,113.0,409.0,2014-07-16,15,22,1,1,2,1,2,242.0,1.0,,,,,,,,,,,,,,,,,,,,,,12.0,,,,'4/16'
2014,3006,1,2209.0,522.0,2014-03-18,20,16,1,1,1,1,1,,,,,,406.0,'-',24.8,7.3,1.0,4.9,1.0,4.9,1.0,,1.0,1.0,,,,1.0,1.0,3.0,15.0,3.0,16.0,,'9'
2014,77618,2,541.0,604.0,2014-12-21,12,20,1,1,2,1,2,217.0,1.0,,,,,,,,,,,,,,,,,,,,,,15.0,,,,'3'
2014,37281,2,4.0,261.0,2014-03-17,17,50,1,1,2,1,2,508.0,1.0,,,,,,,,,,,,,,,,,,,,,,15.0,,,,'3/8'
2014,52213,2,460.0,930.0,2014-06-03,10,10,1,1,2,1,2,109.0,1.0,,,,,,,,,,,,,,,,,,,1.0,1.0,,15.0,,,,'3'
2014,69687,2,641.0,571.0,2014-10-09,23,5,1,1,1,1,2,51.0,1.0,,,,,,,,,,,,,,,,,,,1.0,1.0,,14.0,,,,'3'
2014,51665,2,302.0,511.0,2014-06-13,15,30,1,1,2,1,2,340.0,2.0,,,1.0,,,,,,,,,,,,,,,,,,2.0,15.0,,,,'12'
2014,58098,2,42.0,612.0,2014-08-09,14,60,1,1,2,1,2,603.0,1.0,,,,,,,,,,,,,,,,,,,1.0,1.0,,15.0,,,,'13'
2014,53399,2,15.0,358.0,2014-07-12,3,50,1,1,1,1,2,508.0,2.0,,,,,,,,,,,,,,,,,,,,,,15.0,,,,'12'
2014,75696,2,101.0,496.0,2014-12-03,17,34,1,1,2,1,2,371.0,1.0,,,,,,,,,,,,,,,,,,,,,,14.0,,,,'21/5'
2014,76858,2,662.0,1259.0,2014-12-17,17,5,1,1,2,1,2,56.0,1.0,,,,,,,,,,,,,,,,,,,1.0,1.0,7.0,15.0,7.0,1.0,,'9'
2014,729,1,7201.0,174.0,2014-01-18,20,10,1,1,1,1,1,,,,,,1.0,'-',503.2,7.8,1.0,2.5,1.0,2.4,1.0,,2.0,2.0,,,,1.0,1.0,,15.0,1.0,1.0,,'12/9'
2014,17589,1,9103.0,5066.0,2014-11-13,19,22,1,1,1,1,1,,,,,,9999.0,'-',9999.99,6.7,1.0,,,,,,,,,,,1.0,1.0,8.0,15.0,1.0,1.0,,'3'
2014,71140,2,9.0,1058.0,2014-11-17,23,50,1,1,1,1,2,504.0,2.0,,,1.0,,,,,,,,,,,,,,,,1.0,1.0,7.0,15.0,1.0,1.0,,'12'
2014,36036,2,421.0,159.0,2014-02-02,14,27,1,1,2,1,2,311.0,1.0,,,,,,,,,,,,,,,,,,,,,,15.0,,,,'9'
2014,6479,1,4114.0,1238.0,2014-05-10,15,14,1,1,2,1,1,,,,,,6.0,'-',212.0,9,1.0,2.6,1.0,1.8,1.0,,1.0,,,,,1.0,1.0,2.0,15.0,7.0,4.0,,'9/3'
2014,49230,2,6.0,305.0,2014-06-04,16,50,1,1,2,1,2,507.0,1.0,,,,,,,,,,,,,,,,,,,1.0,1.0,7.0,14.0,,1.0,,'3'
2014,42340,2,78.0,190.0,2014-04-22,22,14,1,1,1,1,2,150.0,2.0,,,1.0,,,,,,,,,,,,,,,,1.0,1.0,3.0,15.0,1.0,6.0,,'4/12'
2014,33265,2,191.0,9.0,2014-01-18,18,52,1,2,1,2,2,182.0,1.0,,,,,,,,,,,,,,,,,,,,,,14.0,,,,'21/5'
2014,54634,2,73.0,233.0,2014-07-07,11,14,1,1,2,1,2,150.0,1.0,,,,,,,,,,,,,,,,,,,1.0,1.0,7.0,15.0,1.0,6.0,,'99'
2014,77517,2,473.0,,2014-12-17,18,45,1,1,1,1,2,452.0,1.0,,,,,,,,,,,,,,,,,,,1.0,1.0,,15.0,6.0,1.0,,'3'
2014,48812,2,10.0,426.0,2014-06-03,16,50,1,1,2,1,2,504.0,1.0,,,,,,,,,,,,,,,,,,,1.0,1.0,,15.0,1.0,1.0,,'99'
2014,54280,2,51.0,935.0,2014-07-31,20,60,1,1,1,1,2,604.0,1.0,,,,,,,,,,,,,,,,,,,2.0,1.0,2.0,15.0,4.0,1.0,,'3/9'
2014,49579,2,16.0,422.0,2014-06-15,21,50,1,1,1,1,2,506.0,1.0,,,,,,,,,,,,,,,,,,,1.0,1.0,,15.0,,,,'99'
2014,70335,2,471.0,1298.0,2014-10-17,19,41,1,1,2,1,2,410.0,1.0,,,,,,,,,,,,,,,,,,,1.0,1.0,,14.0,,,,'21'
2014,61154,2,328.0,442.0,2014-08-07,20,26,1,1,1,1,2,298.0,1.0,,,,,,,,,,,,,,,,,,,1.0,1.0,,1.0,,,,'3/19'
2014,17075,1,8115.0,2347.0,2014-11-12,17,5,1,1,2,1,1,,,,,,3203.0,'-',49.2,5,1.0,1.0,1.0,1.0,1.0,,2.0,2.0,,,,1.0,1.0,8.0,14.0,1.0,16.0,,'3/5'
2014,61239,2,341.0,134.0,2014-08-29,13,49,1,1,2,1,2,302.0,1.0,,,,,,,,,,,,,,,,,,,1.0,,,14.0,,,,'21/5/4/14'
2014,61217,2,331.0,385.0,2014-08-10,9,47,1,1,2,1,2,292.0,1.0,,,,,,,,,,,,,,,,,,,1.0,1.0,,8.0,,,,'21/4/1'
2014,56575,2,478.0,670.0,2014-07-23,16,45,1,1,2,1,2,463.0,1.0,,,,,,,,,,,,,,,,,,,,,,15.0,,,,'9'
2014,72402,2,52.0,619.0,2014-11-06,18,60,1,1,1,1,2,613.0,1.0,,,,,,,,,,,,,,,,,,,,,,18.0,,,,'16'
2014,4279,1,1402.0,815.0,2014-04-29,9,6,1,1,2,1,1,,,,,,1.0,'-',317.4,6.5,1.0,2.5,1.0,2.6,1.0,,1.0,1.0,,,,1.0,1.0,8.0,13.0,8.0,11.0,,'21'
2014,30877,2,21.0,53.0,2014-01-21,18,51,1,1,1,1,2,510.0,1.0,,,,,,,,,,,,,,,,,,,,,,14.0,,,,'21/5'
2014,9963,1,8201.0,2025.0,2014-07-17,1,20,1,1,1,1,1,,,,,,312.0,'-',2.8,6.9,1.0,2.0,1.0,2.0,1.0,,1.0,1.0,,,,1.0,1.0,,15.0,,,,'12'
2014,53818,2,2.0,443.0,2014-07-09,17,50,1,1,2,1,2,506.0,1.0,,,,,,,,,,,,,,,,,,,1.0,1.0,,14.0,,,,'21/18/14'
2014,73001,2,114.0,444.0,2014-11-27,10,48,1,1,2,1,2,238.0,1.0,,,,,,,,,,,,,,,,,,,1.0,1.0,,14.0,,16.0,,'3'
2014,63002,2,16.0,731.0,2014-09-24,18,50,1,1,2,1,2,506.0,2.0,,,1.0,,,,,,,,,,,,,,,,1.0,1.0,,15.0,,,,'12'
2014,40075,2,473.0,,2014-03-01,10,45,1,1,2,1,2,452.0,1.0,,,,,,,,,,,,,,,,,,,,,,15.0,9.0,1.0,,'3'
2014,44475,2,621.0,62.0,2014-04-29,20,3,1,2,1,9,2,31.0,1.0,,,,,,,,,,,,,,,,,,,,,3.0,15.0,6.0,1.0,,'9'
2014,67741,2,21.0,744.0,2014-10-24,18,51,1,1,2,1,2,510.0,1.0,,,,,,,,,,,,,,,,,,,,,,14.0,,,,'5'
2014,56102,2,421.0,,2014-07-06,0,27,1,1,1,1,2,311.0,1.0,,,,,,,,,,,,,,,,,,,1.0,,1.0,15.0,7.0,2.0,,'12/4'
2014,65849,2,471.0,1134.0,2014-09-16,7,41,1,1,1,1,2,410.0,1.0,,,,,,,,,,,,,,,,,,,1.0,1.0,,15.0,,,,'9'
2014,60138,2,120.0,9999.0,2014-08-08,21,11,1,1,1,1,2,116.0,2.0,,,1.0,,,,,,,,,,,,,,,,1.0,1.0,,15.0,,,,'12'
2014,15634,1,1116.0,579.0,2014-10-10,20,60,1,1,1,1,2,615.0,1.0,,,,,,,,,,,,,,,,,,,1.0,1.0,7.0,14.0,1.0,1.0,,'3/5'
2014,51813,2,651.0,61.0,2014-06-14,19,5,1,1,2,1,2,55.0,1.0,,,,,,,,,,,,,,,,,,,1.0,1.0,,14.0,,,,'3/5'
2014,47287,2,212.0,522.0,2014-05-23,0,23,1,1,1,1,2,254.0,2.0,,,2.0,,,,,,,,,,,,,,,,,,,15.0,,,,'12'
2014,2800,1,8104.0,781.0,2014-03-21,19,5,1,1,1,1,1,,,,,,309.0,'-',49.5,5.8,1.0,1.4,1.0,1.5,1.0,1.0,2.0,2.0,,,,1.0,1.0,2.0,15.0,4.0,1.0,,'9'
2014,32676,2,478.0,39.0,2014-01-10,18,45,1,1,1,1,2,463.0,2.0,,,2.0,,,,,,,,,,,,,,,,,,,15.0,,,,'12'
2014,51284,2,212.0,554.0,2014-06-03,14,23,1,1,2,1,2,254.0,1.0,,,,,,,,,,,,,,,,,,,,,,14.0,,,,'21'
2014,75632,2,78.0,688.0,2014-12-16,18,14,1,1,1,1,2,150.0,1.0,,,,,,,,,,,,,,,,,,,,,7.0,14.0,1.0,,,'21/4/3/14'
2014,11280,1,9120.0,1957.0,2014-08-06,11,43,1,1,2,1,1,,,,,,9999.0,'-',9999.99,7.5,1.0,1.2,1.0,1.3,1.0,1.0,2.0,1.0,,,,1.0,1.0,1.0,15.0,1.0,1.0,,'12/3'
2014,9695,1,9310.0,1834.0,2014-07-30,12,11,1,1,2,1,1,,,,,,8.0,'-',290.6,6.2,1.0,2.0,1.0,2.0,1.0,1.0,2.0,1.0,,,,1.0,1.0,3.0,15.0,1.0,8.0,,'12'
2014,17084,1,8111.0,724.0,2014-11-02,6,4,1,1,1,1,1,,,,,,306.0,'-',8.9,6,1.0,1.0,1.0,1.0,1.0,,2.0,2.0,,,,1.0,1.0,8.0,13.0,7.0,11.0,,'4/16'
2014,74634,2,681.0,641.0,2014-11-14,12,21,1,1,2,1,2,228.0,2.0,,,1.0,,,,,,,,,,,,,,,,1.0,1.0,,15.0,,,,'12'
2014,50646,2,101.0,204.0,2014-06-05,21,34,1,1,1,1,2,371.0,1.0,,,,,,,,,,,,,,,,,,,,,,14.0,,,,'21/5'
2014,32433,2,471.0,47.0,2014-01-07,20,41,1,1,1,1,2,410.0,1.0,,,,,,,,,,,,,,,,,,,,,,14.0,,,,'3'
2014,77481,2,474.0,9999.0,2014-12-03,20,45,1,1,1,1,2,451.0,2.0,,,1.0,,,,,,,,,,,,,,,,1.0,1.0,,15.0,,4.0,,'12'
2014,3257,1,6304.0,417.0,2014-03-08,10,47,1,1,2,1,1,,,,,,2.0,'-',528.0,7.4,1.0,1.9,1.0,1.8,1.0,,1.0,1.0,,,,1.0,1.0,8.0,15.0,3.0,6.0,,'9'
2014,61651,2,471.0,994.0,2014-08-17,11,41,1,1,2,1,2,410.0,1.0,,,,,,,,,,,,,,,,,,,,,,15.0,,,,'9'
2014,40513,2,41.0,104.0,2014-03-22,2,60,1,1,1,1,2,603.0,1.0,,,,,,,,,,,,,,,,,,,,,,9.0,,,,'16/1'
2014,77147,2,460.0,,2014-12-23,19,10,1,1,1,1,2,109.0,1.0,,,,,,,,,,,,,,,,,,,1.0,1.0,,15.0,1.0,2.0,,'3'
2014,47976,2,421.0,9999.0,2014-05-28,19,27,1,1,1,1,2,311.0,1.0,,,,,,,,,,,,,,,,,,,1.0,1.0,,18.0,,,,'16'
2014,11486,1,5108.0,2725.0,2014-08-12,10,23,1,1,2,1,1,,,,,,716.0,'-',28.4,6.3,1.0,1.0,1.0,0.8,1.0,,1.0,2.0,,,,1.0,1.0,7.0,14.0,1.0,16.0,,'21/5'
2014,43849,2,421.0,,2014-04-06,13,27,1,1,2,1,2,311.0,1.0,,,,,,,,,,,,,,,,,,,,,,14.0,5.0,,,'4'
2014,41684,2,41.0,153.0,2014-04-26,19,60,1,1,1,1,2,603.0,2.0,,,,,,,,,,,,,,,,,,,,,,15.0,,,,'12'
2014,47166,2,211.0,339.0,2014-05-19,20,23,1,1,1,1,2,254.0,2.0,,,1.0,,,,,,,,,,,,,,,,,,2.0,15.0,,,,'12'
2014,71091,2,9.0,1046.0,2014-11-14,19,50,1,1,1,1,2,504.0,1.0,,,,,,,,,,,,,,,,,,,1.0,1.0,,14.0,1.0,4.0,,'21/5'
2014,74605,2,631.0,58.0,2014-11-25,10,3,1,1,2,1,2,37.0,2.0,,,1.0,,,,,,,,,,,,,,,,2.0,1.0,,15.0,,,,'12'
2014,56202,2,461.0,153.0,2014-07-27,19,12,1,1,2,1,2,125.0,1.0,,,,,,,,,,,,,,,,,,,,,,18.0,2.0,13.0,,'16'
2014,14688,1,9119.0,3823.0,2014-09-08,9,22,1,1,2,1,1,,,,,,9999.0,'-',9999.99,3.2,,1.5,,1.5,,1.0,1.0,1.0,,,,1.0,1.0,2.0,15.0,1.0,1.0,,'3'
2014,15656,1,1117.0,728.0,2014-10-24,8,60,1,1,2,1,1,,,,,,1.0,'-',296.0,6,1.0,3.5,1.0,4.8,1.0,,2.0,2.0,,,,1.0,1.0,,15.0,,,,'9'
2014,56597,2,502.0,379.0,2014-07-18,13,37,1,1,2,1,2,399.0,2.0,,,1.0,,,,,,,,,,,,,,,,,,,15.0,,,,'12'
2014,6719,1,1203.0,1083.0,2014-05-29,18,18,2,1,2,1,1,,,,,,4301.0,'-',30.2,5.4,1.0,1.2,1.0,,,,1.0,2.0,,,,1.0,1.0,,15.0,3.0,4.0,,'12/9'
2014,70338,2,471.0,1313.0,2014-10-20,11,41,1,1,2,1,2,410.0,1.0,,,,,,,,,,,,,,,,,,,1.0,1.0,,15.0,,,,'9'
2014,5448,1,4105.0,703.0,2014-04-06,10,42,1,1,2,1,1,,,,,,5013.0,'-',9999.99,6,1.0,2.8,1.0,1.8,1.0,1.0,2.0,2.0,,,,1.0,1.0,1.0,13.0,1.0,,,'4/9/3'
2014,50374,2,71.0,264.0,2014-06-24,18,14,1,1,2,1,2,150.0,1.0,,,,,,,,,,,,,,,,,,,1.0,1.0,8.0,14.0,1.0,16.0,,'21/5'
2014,45685,2,41.0,168.0,2014-05-06,18,60,1,1,2,1,2,603.0,1.0,,,,,,,,,,,,,,,,,,,,,,14.0,,,,'3/5'
2014,3487,1,8208.0,574.0,2014-03-29,19,20,1,1,1,1,2,216.0,,,,,,,,,,,,,,,,,,,,,,8.0,14.0,,16.0,,'3/5/14'
2014,56564,2,473.0,9999.0,2014-07-11,16,45,1,1,2,1,2,452.0,1.0,,,,,,,,,,,,,,,,,,,1.0,1.0,,1.0,1.0,9.0,,'22/4'
2014,63363,2,42.0,773.0,2014-09-30,2,60,1,1,1,1,2,603.0,2.0,,,1.0,,,,,,,,,,,,,,,,,,,14.0,5.0,,,'12'
2014,62575,2,13.0,741.0,2014-09-29,15,50,1,1,2,1,2,514.0,1.0,,,,,,,,,,,,,,,,,,,,,,14.0,,,,'21/5'
2014,67523,2,3.0,670.0,2014-10-28,16,50,1,1,2,1,2,506.0,2.0,,,2.0,,,,,,,,,,,,,,,,1.0,1.0,,15.0,,,,'3'
2015,76512,2,112.0,1826.0,2015-11-11,21,22,1,1,1,1,2,242.0,2.0,,,1.0,,,,,,,,,,,,,,,,,,,15.0,,,,12
2015,73866,2,503.0,161.0,2015-10-19,22,31,1,1,1,1,2,346.0,2.0,,,1.0,,,,,,,,,,,,,,,,1.0,1.0,,15.0,,,,12/4
2015,82392,2,661.0,603.0,2015-12-25,15,5,1,1,2,1,2,54.0,2.0,,,1.0,,,,,,,,,,,,,,,,1.0,,,15.0,,,,12
2015,76408,2,111.0,1497.0,2015-11-27,9,22,1,1,2,1,2,242.0,1.0,,,,,,,,,,,,,,,,,,,,,,15.0,,,,4/8
2015,82953,2,471.0,1687.0,2015-12-07,11,41,1,1,2,1,2,410.0,1.0,,,,,,,,,,,,,,,,,,,1.0,1.0,,15.0,,,,3
2015,83949,2,181.0,98.0,2015-06-21,1,17,1,1,1,1,2,181.0,1.0,,,,,,,,,,,,,,,,,,,,,1.0,14.0,1.0,16.0,,4/5
2015,76885,2,151.0,545.0,2015-11-13,16,16,1,1,2,1,2,173.0,1.0,,,,,,,,,,,,,,,,,,,1.0,1.0,,15.0,,,,3
2015,72873,2,302.0,923.0,2015-10-15,17,30,1,1,2,1,2,340.0,2.0,,,2.0,,,,,,,,,,,,,,,,,,,15.0,,,,12
2015,77489,2,641.0,659.0,2015-11-12,15,5,1,1,2,1,2,51.0,2.0,,,1.0,,,,,,,,,,,,,,,,,,,15.0,,,,12
2015,75050,2,4.0,1345.0,2015-11-19,19,50,1,1,1,1,2,508.0,1.0,,,,,,,,,,,,,,,,,,,,,,15.0,,,,99
2015,83734,2,16.0,1093.0,2015-12-09,9,50,1,1,2,1,2,506.0,2.0,,,,,,,,,,,,,,,,,,,,,,15.0,,2.0,,12
2015,73591,2,471.0,1350.0,2015-10-02,21,41,1,1,1,1,2,410.0,2.0,,,1.0,,,,,,,,,,,,,,,,1.0,1.0,,15.0,,,,12
2015,75878,2,52.0,673.0,2015-11-07,20,60,1,1,1,1,2,613.0,2.0,,,1.0,,,,,,,,,,,,,,,,,,,15.0,,,,9
2015,84433,2,9.0,694.0,2015-06-26,18,50,1,1,2,1,2,504.0,1.0,,,,,,,,,,,,,,,,,,,1.0,1.0,,15.0,,,,4/9
2015,80674,2,52.0,807.0,2015-12-30,22,60,1,1,1,1,2,613.0,1.0,,,,,,,,,,,,,,,,,,,,,,14.0,,,,3
2015,80686,2,52.0,787.0,2015-12-18,21,60,1,1,1,1,2,613.0,2.0,,,1.0,,,,,,,,,,,,,,,,,,,15.0,,,,12
2015,72344,2,141.0,289.0,2015-10-26,14,18,1,1,2,1,2,189.0,1.0,,,,,,,,,,,,,,,,,,,,,,15.0,,,,9/3
2015,84267,2,10.0,576.0,2015-06-20,19,50,1,1,2,1,2,504.0,2.0,,,2.0,,,,,,,,,,,,,,,,1.0,1.0,,15.0,,,,12
2015,75514,2,43.0,657.0,2015-11-14,14,60,1,1,2,1,2,603.0,1.0,,,,,,,,,,,,,,,,,,,,,,15.0,,,,9
2015,72505,2,211.0,772.0,2015-10-31,13,23,1,1,2,1,2,254.0,1.0,,,,,,,,,,,,,,,,,,,,,,14.0,,,,21/5
2015,80529,2,51.0,1841.0,2015-12-10,18,60,1,1,2,1,2,604.0,1.0,,,,,,,,,,,,,,,,,,,2.0,1.0,,14.0,,,,21/5
2015,81520,2,113.0,89.0,2015-12-19,21,22,1,1,1,1,2,242.0,1.0,,,,,,,,,,,,,,,,,,,,,,14.0,,,,21/5/14
2015,79292,2,13.0,749.0,2015-12-24,16,50,1,1,2,1,2,514.0,1.0,,,,,,,,,,,,,,,,,,,1.0,1.0,,14.0,1.0,16.0,,3/5
2015,84876,2,3.0,503.0,2015-07-24,22,50,1,1,1,1,2,506.0,1.0,,,,,,,,,,,,,,,,,,,1.0,1.0,7.0,10.0,5.0,10.0,,3
2015,78457,2,541.0,506.0,2015-11-11,8,20,1,1,2,1,2,217.0,2.0,,,,,,,,,,,,,,,,,,,,,,15.0,,,,12