ANN_ACC,NUM_ACC,TYP_EPV,NUM_EPV,NPV,DAT_ACC,HEU_ACC,COD_PRV,COD_ETA_CHA,COD_ETA_SUR,COD_LUM,COD_INT,TYP_LIE_ACC,COD_AGG,LOC,COD_BOU,COD_CAR,COD_TYP_CAR_AGG,NUM_ROU,SUF_NUM_ROU,PKM,LAR_CHA,COD_TYP_CHA,LAR_ACO_DRO,POS_ACO_DRO,LAR_ACO_GAU,POS_ACO_GAU,COD_TOP,SIG_HOR,SIG_VER,NUM_ROU_COU,SUF_NUM_ROU_COU,COD_TYP_CAR_CAM,COD_PRO_LON,COD_TRA_PLA,COD_TYP_COL,COD_OBS_HRT,COD_POI_CHO,COD_MAN,COD_CAU_ACC,CIR_ACC
2015,77138,2,238.0,91.0,2015-11-11,10,23,1,1,2,1,2,249.0,1.0,,,,,,,,,,,,,,,,,,,1.0,1.0,2.0,15.0,4.0,1.0,,12
2015,76295,2,91.0,232.0,2015-11-10,15,34,2,1,2,1,2,366.0,1.0,,,,,,,,,,,,,,,,,,,,,7.0,15.0,1.0,6.0,,21
2015,82714,2,451.0,,2015-12-15,21,27,1,1,1,1,2,314.0,1.0,,,,,,,,,,,,,,,,,,,1.0,1.0,8.0,15.0,8.0,12.0,,3
2015,83852,2,221.0,,2015-04-26,22,39,1,1,1,1,2,408.0,1.0,,,,,,,,,,,,,,,,,,,,,,14.0,,,,12
2015,80749,2,55.0,454.0,2015-12-10,12,60,1,1,2,1,2,612.0,2.0,,,1.0,,,,,,,,,,,,,,,,,,3.0,14.0,5.0,1.0,,12
2015,72386,2,181.0,167.0,2015-10-18,10,17,1,1,2,1,2,181.0,1.0,,,,,,,,,,,,,,,,,,,1.0,4.0,3.0,15.0,4.0,18.0,,8
2015,76460,2,112.0,1816.0,2015-11-10,17,22,1,1,2,1,2,242.0,2.0,,,2.0,,,,,,,,,,,,,,,,,,,15.0,,,,12
2015,78158,2,471.0,1645.0,2015-11-28,12,41,1,1,2,1,2,410.0,2.0,,,,,,,,,,,,,,,,,,,,,,15.0,,,,9/3
2015,77235,2,262.0,417.0,2015-11-05,13,36,1,1,1,1,2,391.0,1.0,,,,,,,,,,,,,,,,,,,1.0,4.0,3.0,15.0,6.0,1.0,,9
2015,80586,2,51.0,1061.0,2015-12-31,20,60,1,1,1,1,2,604.0,1.0,,,,,,,,,,,,,,,,,,,1.0,1.0,2.0,15.0,4.0,1.0,,3/9
2015,73672,2,471.0,1472.0,2015-10-28,10,41,1,1,1,1,2,410.0,1.0,,,,,,,,,,,,,,,,,,,,,,15.0,,,,4/12
2015,82273,2,302.0,1080.0,2015-12-16,12,30,1,1,2,1,2,340.0,1.0,,,,,,,,,,,,,,,,,,,,,,14.0,,,,21
2015,80117,2,41.0,539.0,2015-12-14,11,60,1,1,2,1,2,603.0,1.0,,,,,,,,,,,,,,,,,,,,,,15.0,,,,9
2015,74251,2,10.0,1130.0,2015-11-28,21,50,1,1,2,1,2,504.0,1.0,,,,,,,,,,,,,,,,,,,1.0,1.0,,4.0,,,,3/5
2015,74453,2,9.0,1344.0,2015-11-15,15,50,1,1,2,1,2,504.0,1.0,,,,,,,,,,,,,,,,,,,1.0,1.0,,15.0,1.0,4.0,,99
2015,73097,2,321.0,447.0,2015-10-16,14,26,1,1,2,1,2,298.0,2.0,,,2.0,,,,,,,,,,,,,,,,,,,15.0,,,,12/4
2015,78781,2,801.0,252.0,2015-11-18,19,33,1,1,1,1,2,361.0,1.0,,,,,,,,,,,,,,,,,,,1.0,1.0,8.0,10.0,9.0,1.0,,16
2015,77117,2,212.0,976.0,2015-11-25,21,23,1,1,1,1,2,254.0,1.0,,,,,,,,,,,,,,,,,,,,,,15.0,,,,9
2015,84868,2,3.0,478.0,2015-07-17,13,50,1,1,2,1,2,506.0,2.0,,,2.0,,,,,,,,,,,,,,,,1.0,1.0,7.0,15.0,2.0,1.0,,9
2015,81749,2,151.0,596.0,2015-12-13,21,16,1,1,1,1,2,173.0,2.0,,,1.0,,,,,,,,,,,,,,,,1.0,1.0,,15.0,,,,12
2015,83488,2,611.0,510.0,2015-12-10,0,24,1,1,1,1,2,266.0,1.0,,,,,,,,,,,,,,,,,,,,,,15.0,,,,9/14
2015,81141,2,91.0,251.0,2015-12-02,16,34,1,1,2,1,2,366.0,2.0,,,1.0,,,,,,,,,,,,,,,,1.0,1.0,,15.0,,,,12
2015,75183,2,17.0,586.0,2015-11-15,21,50,1,1,1,1,2,506.0,1.0,,,,,,,,,,,,,,,,,,,1.0,1.0,7.0,14.0,,16.0,,21
2015,82226,2,303.0,601.0,2015-12-21,20,30,1,1,1,1,2,340.0,1.0,,,,,,,,,,,,,,,,,,,1.0,,,15.0,,,,21/4
2015,72384,2,181.0,180.0,2015-10-23,20,17,1,1,1,1,2,181.0,2.0,,,1.0,,,,,,,,,,,,,,,,1.0,1.0,3.0,15.0,2.0,4.0,,12
2015,78807,2,16.0,984.0,2015-11-05,8,50,1,1,2,1,2,506.0,1.0,,,,,,,,,,,,,,,,,,,1.0,1.0,2.0,15.0,4.0,1.0,,9
2015,81166,2,111.0,1528.0,2015-12-02,18,22,1,1,2,1,2,242.0,1.0,,,,,,,,,,,,,,,,,,,1.0,1.0,,15.0,,,,3
2015,82466,2,321.0,539.0,2015-12-09,16,26,1,1,1,1,2,298.0,2.0,,,1.0,,,,,,,,,,,,,,,,1.0,1.0,,14.0,1.0,16.0,,21/5
2015,79084,2,12.0,898.0,2015-12-11,23,50,1,1,1,1,2,504.0,2.0,,,2.0,,,,,,,,,,,,,,,,1.0,1.0,,15.0,,,,99
2015,72959,2,641.0,639.0,2015-10-25,21,5,1,1,1,1,2,51.0,1.0,,,,,,,,,,,,,,,,,,,,,,15.0,,,,3/9
2015,73459,2,431.0,1160.0,2015-10-01,12,10,1,1,2,1,2,104.0,1.0,,,,,,,,,,,,,,,,,,,1.0,1.0,2.0,15.0,1.0,1.0,,3/9
2015,81228,2,111.0,1582.0,2015-12-11,14,22,1,1,2,1,2,242.0,1.0,,,,,,,,,,,,,,,,,,,1.0,1.0,,14.0,,,,3
2015,80258,2,43.0,849.0,2015-12-19,17,60,1,1,2,1,2,603.0,1.0,,,,,,,,,,,,,,,,,,,,,,15.0,,,,3/9
2015,77072,2,212.0,946.0,2015-11-14,15,23,1,1,2,1,2,254.0,2.0,,,1.0,,,,,,,,,,,,,,,,,,,15.0,,,,12
2015,79552,2,6.0,949.0,2015-12-16,13,50,1,1,2,1,2,507.0,1.0,,,,,,,,,,,,,,,,,,,,,,15.0,,,,99
2015,70534,2,2.0,823.0,2015-10-13,12,50,1,1,2,1,2,506.0,1.0,,,,,,,,,,,,,,,,,,,,,,18.0,,,,21
2015,22831,1,7111.0,3315.0,2015-12-02,8,50,1,1,2,1,1,,,,,,3011.0,-,5.7,11,1.0,1.0,1.0,1.0,1.0,,,,,,,,,7.0,15.0,7.0,2.0,,12
2015,60993,2,43.0,517.0,2015-08-10,18,60,1,1,2,1,2,603.0,1.0,,,,,,,,,,,,,,,,,,,,,,15.0,,,,13
2015,18915,1,5212.0,1397.0,2015-10-18,15,53,1,1,2,1,1,,,,,,13.0,-,381.5,14,1.0,1.3,1.0,1.3,1.0,,2.0,2.0,,,,1.0,1.0,,15.0,3.0,1.0,,4/9
2015,68493,2,477.0,1020.0,2015-09-06,8,41,1,1,2,1,2,411.0,1.0,,,,,,,,,,,,,,,,,,,1.0,1.0,,13.0,1.0,1.0,,4/21
2015,49106,2,191.0,42.0,2015-05-01,10,52,1,1,2,1,2,182.0,1.0,,,,,,,,,,,,,,,,,,,1.0,1.0,,14.0,,,,21/5
2015,57373,2,211.0,611.0,2015-07-20,23,23,1,1,1,1,2,254.0,1.0,,,,,,,,,,,,,,,,,,,,,,14.0,,,,21
2015,3925,1,7115.0,679.0,2015-03-22,22,51,1,1,1,1,1,,,,,,1.0,-,333.0,7.5,1.0,,1.0,,1.0,,2.0,2.0,,,,1.0,,8.0,11.0,,,,21/5
2015,43868,2,73.0,120.0,2015-04-27,14,14,1,1,2,1,2,150.0,1.0,,,,,,,,,,,,,,,,,,,1.0,1.0,7.0,14.0,1.0,16.0,,4/14
2015,2860,1,7216.0,819.0,2015-03-15,13,10,1,1,2,1,2,112.0,1.0,,,,,,,,,,,,,,,,,,,,,,15.0,8.0,1.0,,12/9/5
2015,5353,1,11213.0,824.0,2015-04-04,18,25,1,1,2,1,1,,,,,,9.0,-,441.5,14,1.0,4.0,1.0,4.0,1.0,,1.0,1.0,,,,1.0,1.0,,14.0,1.0,16.0,,21/5/14
2015,71202,2,52.0,627.0,2015-10-20,18,60,1,1,1,1,2,613.0,1.0,,,,,,,,,,,,,,,,,,,,,,15.0,,4.0,,9/3
2015,61383,2,72.0,856.0,2015-08-10,13,14,1,1,2,1,2,150.0,1.0,,,,,,,,,,,,,,,,,,,1.0,1.0,,14.0,,,,3/5
2015,49129,2,211.0,428.0,2015-05-25,8,23,1,1,2,1,2,254.0,2.0,,,1.0,,,,,,,,,,,,,,,,,,,18.0,,,,16
2015,18282,1,7406.0,3613.0,2015-10-21,9,28,1,1,2,1,2,321.0,1.0,,,,,,,,,,,,,,,,,,,,,2.0,15.0,1.0,1.0,,3/9
2015,627,1,7116.0,246.0,2015-01-28,13,50,1,1,2,1,1,,,,,,9999.0,-,9999.99,,,,,,,,2.0,2.0,,,,1.0,1.0,7.0,14.0,1.0,1.0,,21/5
2015,70100,2,15.0,703.0,2015-10-01,12,50,1,1,2,1,2,508.0,1.0,,,,,,,,,,,,,,,,,,,,,,14.0,,,,99
2015,32981,2,451.0,9999.0,2015-01-12,19,27,1,1,2,1,2,314.0,2.0,,,1.0,,,,,,,,,,,,,,,,1.0,,3.0,15.0,3.0,1.0,,9/3
2015,65610,2,42.0,828.0,2015-09-29,0,60,1,1,1,1,2,603.0,2.0,,,1.0,,,,,,,,,,,,,,,,,,,15.0,,,,3
2015,16497,1,4302.0,694.0,2015-09-25,21,42,1,1,1,1,1,,,,,,8.0,-,712.9,7.1,1.0,1.6,1.0,1.5,1.0,1.0,2.0,2.0,,,,1.0,1.0,,15.0,1.0,1.0,,4/10
2015,62506,2,303.0,401.0,2015-08-15,14,30,1,1,2,1,2,340.0,1.0,,,,,,,,,,,,,,,,,,,1.0,1.0,,14.0,,,,21/5/4
2015,41736,2,603.0,,2015-03-13,12,13,2,4,2,1,2,142.0,2.0,,,1.0,,,,,,,,,,,,,,,,,,,15.0,2.0,8.0,,12/4
2015,54663,2,565.0,,2015-06-02,14,28,1,1,2,1,2,320.0,2.0,,,1.0,,,,,,,,,,,,,,,,1.0,1.0,,15.0,,,,12
2015,41801,2,689.0,116.0,2015-03-03,1,21,1,1,1,1,2,228.0,1.0,,,,,,,,,,,,,,,,,,,1.0,1.0,,14.0,1.0,16.0,,3
2015,20570,1,7414.0,4978.0,2015-11-11,14,28,1,1,2,1,1,,,,,,9999.0,-,9999.99,7.3,1.0,,,,,,2.0,2.0,,,,1.0,1.0,3.0,15.0,6.0,,,12
2015,54446,2,471.0,798.0,2015-06-10,19,41,1,1,2,1,2,410.0,1.0,,,,,,,,,,,,,,,,,,,1.0,1.0,,15.0,,,,13
2015,20114,1,3310.0,3360.0,2015-11-10,1,40,1,1,1,1,1,,,,,,1.0,-,97.0,7.8,1.0,2.2,1.0,2.3,1.0,1.0,1.0,,,,,1.0,1.0,8.0,13.0,1.0,11.0,,3/16
2015,49689,2,661.0,201.0,2015-05-20,15,5,1,1,2,1,2,54.0,1.0,,,,,,,,,,,,,,,,,,,1.0,,,15.0,,,,9
2015,62854,2,321.0,482.0,2015-08-04,0,26,1,1,1,1,2,298.0,2.0,,,1.0,,,,,,,,,,,,,,,,1.0,1.0,,15.0,,,,12
2015,195,1,9111.0,29.0,2015-01-03,13,22,1,1,2,1,1,,,,,,7.0,-,114.8,6.5,1.0,1.5,1.0,1.5,1.0,,,,,,,,,,14.0,1.0,16.0,,21/5/14
2015,59548,2,11.0,463.0,2015-07-04,23,50,1,1,1,1,2,504.0,2.0,,,1.0,,,,,,,,,,,,,,,,1.0,1.0,,15.0,,,,12
2015,42973,2,2.0,887.0,2015-04-20,12,50,1,1,2,1,2,506.0,1.0,,,,,,,,,,,,,,,,,,,1.0,1.0,8.0,14.0,,,,21/5
2015,68684,2,501.0,227.0,2015-09-27,4,32,1,1,1,1,2,354.0,1.0,,,,,,,,,,,,,,,,,,,,,,1.0,6.0,1.0,,16/19
2015,64175,2,131.0,830.0,2015-08-19,14,16,1,1,2,1,2,168.0,2.0,,,1.0,,,,,,,,,,,,,,,,1.0,1.0,,15.0,,,,12
2015,1963,1,2103.0,387.0,2015-02-16,19,16,1,1,1,1,2,170.0,1.0,,,,,,,,,,,,,,,,,,,1.0,1.0,8.0,14.0,8.0,16.0,,3/5/14
2015,2351,1,2114.0,726.0,2015-02-06,18,48,1,1,2,1,1,,,,,,212.0,-,56.8,6.3,1.0,2.4,1.0,2.3,1.0,1.0,2.0,2.0,,,,1.0,1.0,3.0,15.0,7.0,1.0,,3
2015,8110,1,9301.0,6775.0,2015-06-06,6,11,1,1,2,1,1,,,,,,8.0,-,338.76,5.2,1.0,1.2,1.0,1.1,1.0,1.0,2.0,2.0,,,,1.0,1.0,,15.0,,,,9
2015,15178,1,11312.0,662.0,2015-09-01,12,37,1,1,2,1,1,,,,,,1903.0,-,9999.99,6.3,1.0,1.5,1.0,1.4,1.0,1.0,1.0,1.0,,,,1.0,1.0,,14.0,,,,21/14
2015,49055,2,141.0,114.0,2015-05-18,12,18,1,1,2,1,2,189.0,2.0,,,1.0,,,,,,,,,,,,,,,,1.0,1.0,,15.0,,,,12/4
2015,7662,1,7215.0,2051.0,2015-05-09,18,10,1,1,2,1,1,,,,,,7.0,-,9.08,7.8,1.0,1.8,1.0,1.8,1.0,,1.0,1.0,,,,1.0,1.0,8.0,14.0,1.0,16.0,,21/5/14
2015,60772,2,21.0,571.0,2015-08-11,19,51,1,1,2,1,2,510.0,2.0,,,1.0,,,,,,,,,,,,,,,,,,,15.0,,,,12
2015,51211,2,14.0,632.0,2015-06-29,13,50,1,1,2,1,2,507.0,2.0,,,1.0,,,,,,,,,,,,,,,,1.0,,,15.0,,,,9
2015,69746,2,7.0,869.0,2015-10-02,9,50,1,1,2,1,2,514.0,1.0,,,,,,,,,,,,,,,,,,,1.0,1.0,,15.0,,,,3
2015,35967,2,131.0,73.0,2015-02-11,16,16,1,1,1,1,2,168.0,2.0,,,1.0,,,,,,,,,,,,,,,,,,,15.0,,,,12
2015,52479,2,73.0,202.0,2015-06-21,21,14,1,1,1,1,2,150.0,1.0,,,,,,,,,,,,,,,,,,,1.0,1.0,8.0,18.0,,,,21
2015,42646,2,4.0,478.0,2015-04-30,9,50,1,1,2,1,2,508.0,1.0,,,,,,,,,,,,,,,,,,,,,,15.0,,,,99
2015,19214,1,7115.0,3116.0,2015-11-16,13,51,1,2,2,1,1,,,,,,313.0,-,9999.99,10,1.0,2.0,1.0,2.0,1.0,,2.0,2.0,,,,1.0,1.0,,15.0,,,,9/3
2015,42348,2,14.0,328.0,2015-04-10,9,50,1,1,2,1,2,507.0,1.0,,,,,,,,,,,,,,,,,,,,,,14.0,,,,21/5
2015,67182,2,211.0,767.0,2015-09-06,0,23,1,1,1,1,2,254.0,1.0,,,,,,,,,,,,,,,,,,,,,,12.0,,,,21/1
2015,39599,2,81.0,661.0,2015-03-26,10,42,1,1,2,1,2,420.0,1.0,,,,,,,,,,,,,,,,,,,1.0,1.0,,14.0,,,,5/3
2015,48014,2,55.0,166.0,2015-05-27,15,60,1,1,2,1,2,612.0,1.0,,,,,,,,,,,,,,,,,,,,,2.0,15.0,,,,9
2015,56602,2,72.0,806.0,2015-07-30,22,14,1,1,1,1,2,150.0,1.0,,,,,,,,,,,,,,,,,,,,,7.0,15.0,1.0,,,99
2015,57905,2,641.0,355.0,2015-07-02,13,5,1,1,1,1,2,51.0,1.0,,,,,,,,,,,,,,,,,,,1.0,1.0,,14.0,,,,21
2015,55002,2,7.0,599.0,2015-07-10,17,50,1,1,2,1,2,514.0,2.0,,,1.0,,,,,,,,,,,,,,,,1.0,1.0,,15.0,,,,3/12
2015,69124,2,14.0,909.0,2015-09-09,13,50,1,1,2,1,2,507.0,1.0,,,,,,,,,,,,,,,,,,,1.0,,,15.0,,,,3
2015,47362,2,21.0,354.0,2015-05-19,17,51,1,1,2,1,2,510.0,1.0,,,,,,,,,,,,,,,,,,,,,,14.0,,,,5
2015,59378,2,151.0,306.0,2015-07-15,12,16,1,1,2,1,2,173.0,1.0,,,,,,,,,,,,,,,,,,,,,,15.0,,,,4
2015,50346,2,474.0,9999.0,2015-05-06,13,45,1,1,2,1,2,451.0,1.0,,,,,,,,,,,,,,,,,,,1.0,1.0,,15.0,,1.0,,3
2015,13409,1,,2512.0,2015-08-25,12,5,1,1,2,1,1,,,,,,8.0,-,433.0,7,1.0,1.4,1.0,1.3,1.0,,1.0,1.0,,,,1.0,1.0,8.0,15.0,1.0,4.0,,12
2015,61751,2,112.0,1277.0,2015-08-12,19,22,1,1,2,1,2,242.0,1.0,,,,,,,,,,,,,,,,,,,,,,15.0,,,,12
2015,60121,2,8.0,192.0,2015-08-18,22,50,1,1,1,1,2,504.0,1.0,,,,,,,,,,,,,,,,,,,1.0,1.0,,14.0,1.0,16.0,,21/5
2015,14697,1,11104.0,1588.0,2015-08-25,14,45,1,1,2,1,1,,,,,,1016.0,-,9999.99,8,1.0,1.0,1.0,1.0,1.0,,2.0,2.0,,,,2.0,3.0,,15.0,,,,4/12
2015,39164,2,51.0,389.0,2015-03-16,21,60,1,1,1,1,2,604.0,1.0,,,,,,,,,,,,,,,,,,,,,,14.0,,,,5
2015,30703,2,15.0,55.0,2015-01-22,13,50,1,1,2,1,2,508.0,1.0,,,,,,,,,,,,,,,,,,,,,1.0,4.0,,,,14/3
2015,67825,2,661.0,405.0,2015-09-11,19,5,9,9,1,9,2,54.0,1.0,,,,,,,,,,,,,,,,,,,,,,15.0,,,,8
2015,59352,2,132.0,317.0,2015-07-02,22,16,1,1,1,1,2,168.0,1.0,,,,,,,,,,,,,,,,,,,,,,15.0,,,,13
2015,64201,2,131.0,840.0,2015-08-21,17,16,1,1,2,1,2,168.0,2.0,,,1.0,,,,,,,,,,,,,,,,1.0,1.0,,15.0,,,,3
2015,52464,2,72.0,593.0,2015-06-05,14,14,1,1,2,1,2,150.0,1.0,,,,,,,,,,,,,,,,,,,1.0,1.0,,14.0,1.0,13.0,,21/5/14
2015,55707,2,2.0,587.0,2015-07-24,9,50,1,1,2,1,2,506.0,2.0,,,1.0,,,,,,,,,,,,,,,,1.0,1.0,8.0,15.0,,,,12
2015,43387,2,45.0,313.0,2015-04-20,13,60,1,1,2,1,2,607.0,1.0,,,,,,,,,,,,,,,,,,,,,,14.0,,,,12
2015,6038,1,11110.0,1508.0,2015-04-21,14,45,1,1,1,1,1,,,,,,9999.0,-,9999.99,6.2,1.0,1.7,1.0,1.5,1.0,1.0,2.0,2.0,,,,1.0,1.0,8.0,14.0,1.0,16.0,,21/5/14
2015,18107,1,11109.0,768.0,2015-10-02,17,45,1,1,2,1,1,,,,,,1011.0,-,59.0,6.8,1.0,1.3,1.0,1.4,1.0,,2.0,2.0,,,,1.0,1.0,8.0,14.0,4.0,16.0,,3/5
2015,32746,2,321.0,3.0,2015-01-03,9,26,1,1,2,1,2,298.0,1.0,,,,,,,,,,,,,,,,,,,1.0,1.0,,7.0,,,,21/1
2015,71313,2,71.0,508.0,2015-10-23,11,14,1,1,2,1,2,150.0,1.0,,,,,,,,,,,,,,,,,,,1.0,1.0,8.0,14.0,1.0,6.0,,3/14
2015,60259,2,14.0,794.0,2015-08-06,15,50,1,1,2,1,2,507.0,1.0,,,,,,,,,,,,,,,,,,,1.0,,,15.0,,,,9
2015,16773,1,3310.0,2637.0,2015-09-04,17,40,1,1,2,1,1,,,,,,1.0,-,92.1,7.2,1.0,1.3,1.0,1.2,1.0,,1.0,1.0,,,,1.0,2.0,,,,,,4/3
2015,37377,2,561.0,60.0,2015-02-09,19,28,1,1,1,1,2,328.0,2.0,,,1.0,,,,,,,,,,,,,,,,1.0,1.0,,15.0,,,,12
2015,5949,1,8104.0,1057.0,2015-04-19,19,5,1,1,2,1,1,,,,,,308.0,-,119.0,5.2,1.0,1.0,1.0,1.0,1.0,,1.0,1.0,,,,1.0,1.0,7.0,15.0,1.0,4.0,,12/3
2015,21003,1,8101.0,3432.0,2015-12-03,19,5,1,1,1,1,1,,,,,,9999.0,-,9999.99,3.6,1.0,1.1,1.0,1.1,1.0,1.0,2.0,2.0,,,,1.0,1.0,2.0,15.0,4.0,1.0,,3
2015,7203,1,7116.0,720.0,2015-05-31,16,50,1,1,2,1,1,,,,,,3012.0,-,8.6,14,1.0,,,,,,,,,,,,,2.0,15.0,,21.0,,4
2015,65192,2,4.0,1079.0,2015-09-13,0,50,1,1,1,1,2,508.0,1.0,,,,,,,,,,,,,,,,,,,,,,15.0,,,,3
2015,30930,2,2.0,32.0,2015-01-15,22,50,1,2,1,2,2,506.0,2.0,,,,,,,,,,,,,,,,,,,,,7.0,18.0,,,,12/4
2015,36316,2,261.0,61.0,2015-02-16,22,36,1,2,1,2,2,391.0,2.0,,,,,,,,,,,,,,,,,,,,,,15.0,7.0,13.0,,12
2015,55300,2,5.0,480.0,2015-07-20,21,50,1,1,1,1,2,507.0,1.0,,,,,,,,,,,,,,,,,,,1.0,1.0,,15.0,,,,9
2015,58035,2,662.0,724.0,2015-07-01,21,5,1,1,1,1,2,56.0,1.0,,,,,,,,,,,,,,,,,,,1.0,1.0,,14.0,1.0,16.0,,3/5
2015,68008,2,331.0,449.0,2015-09-28,16,47,1,1,2,1,2,292.0,1.0,,,,,,,,,,,,,,,,,,,,,,15.0,,,,3
2015,65915,2,51.0,1347.0,2015-09-04,11,60,1,1,2,1,2,604.0,1.0,,,,,,,,,,,,,,,,,,,2.0,1.0,2.0,15.0,4.0,1.0,,9/3
2015,69340,2,18.0,483.0,2015-09-07,5,50,1,1,2,1,2,511.0,1.0,,,,,,,,,,,,,,,,,,,1.0,1.0,,7.0,,,,21/1
2015,14263,1,11119.0,959.0,2015-08-17,15,32,1,1,2,1,1,,,,,,1.0,-,1183.0,6.2,2.0,1.0,2.0,1.1,2.0,1.0,2.0,1.0,,,,,1.0,8.0,18.0,1.0,1.0,,21
2015,7934,1,7208.0,1060.0,2015-06-16,2,10,1,1,1,1,1,,,,,,303.0,-,37.0,5.9,1.0,2.0,1.0,1.6,1.0,,1.0,1.0,,,,1.0,1.0,8.0,14.0,1.0,16.0,,21/5
2015,17422,1,,2981.0,2015-10-12,22,5,1,1,1,1,1,,,,,,8.0,-,432.3,7,1.0,1.4,1.0,1.0,1.0,,2.0,2.0,,,,1.0,1.0,8.0,15.0,1.0,4.0,,12
2015,70793,2,43.0,684.0,2015-10-11,19,60,1,1,1,1,2,603.0,2.0,,,1.0,,,,,,,,,,,,,,,,,,,15.0,,,,9
2015,5892,1,7111.0,1055.0,2015-04-19,14,50,1,1,2,1,1,,,,,,3007.0,-,3.0,,,,,,,,,,,,,,,,15.0,,,,3
2015,63863,2,613.0,9999.0,2015-08-05,18,24,1,1,2,1,2,261.0,1.0,,,,,,,,,,,,,,,,,,,1.0,1.0,1.0,15.0,1.0,4.0,,3
2015,7832,1,7410.0,3497.0,2015-05-22,1,28,1,4,1,1,1,,,,,,1.0,-,390.2,7,2.0,,,,,1.0,1.0,1.0,,,,1.0,1.0,2.0,15.0,9.0,1.0,,9
2015,33779,2,761.0,9999.0,2015-01-20,14,38,1,1,2,1,2,403.0,2.0,,,1.0,,,,,,,,,,,,,,,,1.0,,,15.0,,,,12
2015,52064,2,51.0,859.0,2015-06-10,23,60,1,1,1,1,2,604.0,1.0,,,,,,,,,,,,,,,,,,,2.0,1.0,2.0,15.0,4.0,1.0,,9/3
2015,62495,2,301.0,273.0,2015-08-11,14,30,1,1,2,1,2,340.0,1.0,,,,,,,,,,,,,,,,,,,,,,15.0,,,,9/4
2015,48077,2,71.0,232.0,2015-05-16,18,14,1,1,2,1,2,150.0,1.0,,,,,,,,,,,,,,,,,,,1.0,1.0,,18.0,,,,16/4
2015,2310,1,9301.0,1587.0,2015-02-05,20,11,1,1,1,1,1,,,,,,8.0,-,338.9,5.8,1.0,1.3,1.0,1.2,1.0,1.0,2.0,2.0,,,,1.0,1.0,8.0,15.0,4.0,1.0,,3
2015,44997,2,303.0,155.0,2015-04-14,9,30,1,1,2,1,2,340.0,1.0,,,,,,,,,,,,,,,,,,,,,,15.0,,,,3
2015,65361,2,2.0,743.0,2015-09-01,12,50,1,1,2,1,2,506.0,1.0,,,,,,,,,,,,,,,,,,,1.0,1.0,,14.0,,,,3/5/14
2015,12836,1,7103.0,3607.0,2015-08-30,8,50,1,1,2,1,1,,,,,,3015.0,-,9999.99,6.1,1.0,1.2,1.0,1.1,1.0,,1.0,1.0,,,,1.0,1.0,3.0,15.0,2.0,1.0,,9/3
2015,54798,2,681.0,326.0,2015-06-16,18,21,1,1,2,1,2,228.0,1.0,,,,,,,,,,,,,,,,,,,1.0,1.0,,15.0,,,,4
2015,17804,1,6307.0,1108.0,2015-10-20,19,49,1,1,1,1,1,,,,,,19.0,-,124.0,7,1.0,1.5,1.0,1.5,1.0,,1.0,1.0,,,,1.0,1.0,,15.0,,,,9/3
2015,62573,2,641.0,446.0,2015-08-01,21,5,1,1,1,1,2,51.0,1.0,,,,,,,,,,,,,,,,,,,,,,14.0,,,,21/5/14
2015,31180,2,241.0,7.0,2015-01-08,14,19,1,1,2,1,2,204.0,1.0,,,,,,,,,,,,,,,,,,,,,,14.0,2.0,16.0,,21/5
2015,17659,1,99999.0,1492.0,2015-10-17,11,22,1,1,2,1,1,,,,,,2007.0,-,10.0,6,1.0,2.0,1.0,2.0,1.0,1.0,2.0,2.0,,,,1.0,1.0,7.0,14.0,1.0,16.0,,3
2015,45857,2,473.0,,2015-04-23,18,45,1,1,2,1,2,451.0,1.0,,,1.0,,,,,,,,,,,,,,,,1.0,1.0,,15.0,2.0,12.0,,8