ANN_ACC,NUM_ACC,TYP_EPV,NUM_EPV,NPV,DAT_ACC,HEU_ACC,COD_PRV,COD_ETA_CHA,COD_ETA_SUR,COD_LUM,COD_INT,TYP_LIE_ACC,COD_AGG,LOC,COD_BOU,COD_CAR,COD_TYP_CAR_AGG,NUM_ROU,SUF_NUM_ROU,PKM,LAR_CHA,COD_TYP_CHA,LAR_ACO_DRO,POS_ACO_DRO,LAR_ACO_GAU,POS_ACO_GAU,COD_TOP,SIG_HOR,SIG_VER,NUM_ROU_COU,SUF_NUM_ROU_COU,COD_TYP_CAR_CAM,COD_PRO_LON,COD_TRA_PLA,COD_TYP_COL,COD_OBS_HRT,COD_POI_CHO,COD_MAN,COD_CAU_ACC,CIR_ACC
2015,6869,1,11128.0,1196.0,2015-05-02,11,2,1,1,2,1,1,,,,,,106.0,-,9999.99,5.7,1.0,1.6,1.0,1.6,1.0,1.0,1.0,,,,,1.0,1.0,4.0,18.0,1.0,1.0,,6/16
2015,6425,1,6303.0,854.0,2015-05-04,11,47,1,1,2,1,1,,,,,,6011.0,-,1.0,4,1.0,1.5,1.0,1.5,1.0,1.0,1.0,1.0,,,,1.0,1.0,,15.0,1.0,16.0,,3
2015,56503,2,71.0,372.0,2015-07-29,21,14,1,1,1,1,2,150.0,1.0,,,,,,,,,,,,,,,,,,,,,1.0,15.0,1.0,4.0,,9
2015,70420,2,3.0,736.0,2015-10-26,1,50,1,1,1,1,2,506.0,2.0,,,1.0,,,,,,,,,,,,,,,,1.0,1.0,7.0,15.0,,2.0,,9
2015,6730,1,5204.0,865.0,2015-05-10,10,53,1,1,2,1,1,,,,,,13.0,-,404.4,4.6,1.0,1.8,1.0,2.0,1.0,,2.0,2.0,,,,1.0,1.0,,13.0,1.0,11.0,,3/16
2015,33717,2,681.0,39.0,2015-01-20,12,21,1,1,2,1,2,228.0,1.0,,,,,,,,,,,,,,,,,,,1.0,1.0,,15.0,1.0,1.0,,3
2015,8510,1,7121.0,2609.0,2015-06-08,20,50,1,1,2,1,1,,,,,,801.0,-,77.2,7.2,2.0,2.2,1.0,,1.0,,1.0,1.0,,,,1.0,1.0,,14.0,1.0,16.0,,21/5/14
2015,59521,2,10.0,704.0,2015-07-29,18,50,1,1,2,1,2,504.0,2.0,,,4.0,,,,,,,,,,,,,,,,1.0,,,14.0,,,,3/5
2015,46026,2,561.0,145.0,2015-04-02,0,28,1,1,1,2,2,328.0,1.0,,,,,,,,,,,,,,,,,,,1.0,1.0,,15.0,,,,12
2015,13969,1,1402.0,8672.0,2015-08-21,4,6,1,1,1,1,1,,,,,,801.0,-,47.4,10.2,2.0,3.0,1.0,1.0,1.0,1.0,1.0,1.0,,,,1.0,1.0,,14.0,,,,21/5
2015,58525,2,441.0,1225.0,2015-07-14,13,10,1,1,2,1,2,101.0,1.0,,,,,,,,,,,,,,,,,,,,,,15.0,,,,9
2015,38853,2,21.0,176.0,2015-03-23,10,51,1,1,2,1,2,510.0,2.0,,,,,,,,,,,,,,,,,,,,,,15.0,,,,12
2015,35855,2,112.0,175.0,2015-02-25,17,22,1,1,2,1,2,242.0,1.0,,,,,,,,,,,,,,,,,,,,,,14.0,,,,21/5
2015,62437,2,302.0,728.0,2015-08-13,19,30,1,1,1,1,2,340.0,1.0,,,,,,,,,,,,,,,,,,,,,,15.0,,,,9/3
2015,22775,1,7405.0,1737.0,2015-12-03,15,50,1,1,2,1,1,,,,,,9999.0,-,9999.99,7,1.0,,,,,,,,,,,,,7.0,15.0,1.0,8.0,,12
2015,11396,1,11216.0,1978.0,2015-07-26,12,25,1,1,2,1,1,,,,,,1502.0,-,128.5,4,1.0,1.4,1.0,1.4,1.0,1.0,2.0,2.0,,,,1.0,1.0,,15.0,,,,8
2015,31468,2,45.0,78.0,2015-01-28,10,60,1,1,2,1,2,607.0,1.0,,,,,,,,,,,,,,,,,,,,,7.0,14.0,,,,21
2015,70503,2,2.0,875.0,2015-10-29,10,50,1,1,2,1,2,506.0,2.0,,,1.0,,,,,,,,,,,,,,,,1.0,1.0,1.0,15.0,,,,12
2015,46198,2,681.0,235.0,2015-04-29,17,21,1,1,2,1,2,228.0,2.0,,,1.0,,,,,,,,,,,,,,,,1.0,1.0,,15.0,2.0,2.0,,99
2015,45743,2,471.0,483.0,2015-04-04,19,41,1,1,2,1,2,410.0,1.0,,,,,,,,,,,,,,,,,,,1.0,1.0,,15.0,,,,9/3
2015,42910,2,17.0,154.0,2015-04-12,0,50,1,1,1,1,2,506.0,1.0,,,,,,,,,,,,,,,,,,,1.0,1.0,7.0,14.0,,,,21/5
2015,41483,2,473.0,9999.0,2015-03-23,15,45,1,1,2,1,2,452.0,1.0,,,,,,,,,,,,,,,,,,,1.0,1.0,,14.0,,,,21/5
2015,13955,1,4114.0,1921.0,2015-08-06,22,14,1,1,2,1,1,,,,,,5006.0,-,13.0,8.6,1.0,1.8,1.0,1.9,1.0,,1.0,1.0,,,,1.0,,8.0,18.0,1.0,1.0,,3/19
2015,32248,2,261.0,25.0,2015-01-22,12,36,1,1,2,1,2,391.0,1.0,,,,,,,,,,,,,,,,,,,,,,14.0,1.0,16.0,,21/8
2015,48492,2,111.0,537.0,2015-05-09,14,22,1,1,2,1,2,242.0,1.0,,,,,,,,,,,,,,,,,,,1.0,1.0,3.0,15.0,7.0,4.0,,3
2015,19941,1,1308.0,2141.0,2015-11-24,8,18,1,1,2,1,1,,,,,,6.0,-,45.3,7,1.0,1.2,1.0,1.1,1.0,,1.0,2.0,,,,1.0,1.0,,15.0,,,,12
2015,60322,2,14.0,818.0,2015-08-12,12,50,1,1,1,1,2,507.0,1.0,,,,,,,,,,,,,,,,,,,,,,14.0,,,,21/5
2015,52600,2,101.0,266.0,2015-06-20,13,34,1,1,2,1,2,371.0,2.0,,,1.0,,,,,,,,,,,,,,,,1.0,,,15.0,,,,12/4
2015,68773,2,552.0,,2015-09-26,21,20,1,1,1,1,2,214.0,1.0,,,,,,,,,,,,,,,,,,,,,,15.0,,,,12
2015,7651,1,7210.0,2326.0,2015-05-27,15,10,1,1,2,1,1,,,,,,3419.0,-,9999.99,5.8,1.0,1.4,1.0,1.2,1.0,,2.0,2.0,,,,1.0,1.0,,15.0,,15.0,,3
2015,42981,2,2.0,277.0,2015-04-18,11,50,1,1,2,1,2,506.0,2.0,,,1.0,,,,,,,,,,,,,,,,1.0,1.0,8.0,15.0,,,,12
2016,47090,2,641.0,245.0,2016-04-30,15,5,1,1,2,1,2,51.0,1.0,,,,,,,,,,,,,,,,,,,,,,14.0,,,,21/4/14
2016,30626,2,302.0,62.0,2016-01-24,22,30,1,1,1,1,2,340.0,1.0,,,,,,,,,,,,,,,,,,,,,7.0,14.0,,16.0,,21
2016,80517,2,341.0,242.0,2016-11-11,8,49,1,1,2,1,2,302.0,1.0,,,,,,,,,,,,,,,,,,,1.0,1.0,,14.0,,,,14/3
2016,68931,2,51.0,1473.0,2016-09-02,16,60,1,1,2,1,2,604.0,1.0,,,,,,,,,,,,,,,,,,,2.0,1.0,2.0,15.0,4.0,1.0,,3
2016,13851,1,7414.0,1179.0,2016-08-31,10,54,1,1,2,1,1,,,,,,11.0,-,46.9,7,1.0,1.9,1.0,1.5,1.0,,2.0,2.0,,,,1.0,,8.0,18.0,,,,21
2016,56095,2,266.0,991.0,2016-06-07,16,36,1,1,2,1,2,389.0,1.0,,,,,,,,,,,,,,,,,,,1.0,1.0,,14.0,1.0,16.0,,4
2016,80492,2,331.0,465.0,2016-11-04,9,47,1,1,2,1,2,292.0,2.0,,,2.0,,,,,,,,,,,,,,,,1.0,1.0,,15.0,,,,12
2016,67344,2,12.0,592.0,2016-08-01,0,50,1,1,1,1,2,504.0,1.0,,,,,,,,,,,,,,,,,,,,,2.0,15.0,4.0,1.0,,9
2016,47740,2,474.0,,2016-04-14,22,45,1,1,1,1,2,451.0,1.0,,,,,,,,,,,,,,,,,,,1.0,1.0,,14.0,,,,21/14
2016,45269,2,51.0,595.0,2016-04-19,19,60,1,1,1,1,2,604.0,1.0,,,,,,,,,,,,,,,,,,,2.0,1.0,,15.0,,,,9
2016,34543,2,473.0,9999.0,2016-01-08,13,45,1,1,2,1,2,452.0,1.0,,,,,,,,,,,,,,,,,,,1.0,1.0,,14.0,,,,21
2016,14779,1,7115.0,2314.0,2016-08-27,15,51,1,1,2,1,1,,,,,,313.0,-,9999.99,10.7,1.0,,,,,1.0,1.0,1.0,,,,1.0,1.0,,15.0,,,,9/3
2016,34481,2,474.0,,2016-01-22,17,45,1,1,2,1,2,451.0,1.0,,,,,,,,,,,,,,,,,,,1.0,1.0,,14.0,,,,3/5/14
2016,11104,1,4202.0,576.0,2016-07-10,10,7,1,1,2,1,1,,,,,,503.0,-,106.3,79,2.0,2.0,2.0,1.9,1.0,,1.0,1.0,,,,1.0,1.0,,15.0,,,,9
2016,65208,2,132.0,787.0,2016-08-07,13,16,1,1,2,1,2,168.0,1.0,,,,,,,,,,,,,,,,,,,1.0,1.0,8.0,14.0,3.0,,,21/14
2016,17321,1,12109.0,2194.0,2016-09-29,12,13,1,2,2,2,1,,,,,,13.0,-,551.6,5.7,1.0,1.7,2.0,2.0,2.0,,1.0,1.0,,,,,2.0,8.0,10.0,9.0,1.0,,4
2016,40743,2,52.0,158.0,2016-03-11,23,60,1,1,1,1,2,613.0,1.0,,,,,,,,,,,,,,,,,,,,,4.0,15.0,,,,9
2016,39772,2,16.0,247.0,2016-03-07,10,50,1,1,2,1,2,506.0,2.0,,,,,,,,,,,,,,,,,,,1.0,1.0,,15.0,,1.0,,99
2016,14703,1,7405.0,1480.0,2016-08-17,23,50,1,1,1,1,2,505.0,,,,,,,,,,,,,,,,,,,,,,,15.0,,,,19
2016,55315,2,111.0,935.0,2016-06-25,16,22,1,1,2,1,2,242.0,2.0,,,1.0,,,,,,,,,,,,,,,,1.0,1.0,3.0,15.0,7.0,4.0,,12
2016,781,1,7201.0,198.0,2016-01-16,12,10,1,1,2,1,1,,,,,,3427.0,-,12.5,6.8,1.0,1.7,1.0,1.6,1.0,,1.0,2.0,,,,1.0,1.0,2.0,15.0,4.0,1.0,,9
2016,4403,1,2110.0,440.0,2016-03-09,11,16,1,1,2,1,1,,,,,,9999.0,-,9999.99,,1.0,,1.0,,1.0,,2.0,2.0,,,,1.0,,7.0,15.0,7.0,1.0,,9/3
2016,62363,2,681.0,442.0,2016-07-22,20,21,1,1,1,1,2,228.0,1.0,,,,,,,,,,,,,,,,,,,1.0,1.0,,18.0,,,,4/16
2016,69678,2,114.0,501.0,2016-09-14,12,48,1,1,2,1,2,238.0,2.0,,,1.0,,,,,,,,,,,,,,,,1.0,1.0,1.0,15.0,2.0,4.0,,12
2016,35158,2,5.0,156.0,2016-02-24,13,50,1,1,2,1,2,507.0,1.0,,,,,,,,,,,,,,,,,,,1.0,1.0,,15.0,,,,3
2016,47679,2,471.0,537.0,2016-04-18,14,41,1,1,2,1,2,410.0,1.0,,,,,,,,,,,,,,,,,,,,,,14.0,,,,21/14
2016,46207,2,113.0,213.0,2016-04-10,9,22,1,1,2,1,2,242.0,2.0,,,,,,,,,,,,,,,,,,,,,,15.0,1.0,1.0,,12/4
2016,49867,2,54.0,53.0,2016-05-19,16,6,1,1,2,1,2,62.0,1.0,,,,,,,,,,,,,,,,,,,1.0,1.0,2.0,14.0,4.0,1.0,,9
2016,15364,1,7106.0,2737.0,2016-09-24,3,51,1,1,1,1,1,,,,,,9.0,-,4.5,7.5,1.0,,,,,2.0,1.0,1.0,,,,2.0,1.0,,15.0,,,,9/3
2016,11718,1,7103.0,2331.0,2016-07-24,11,50,1,1,2,1,1,,,,,,3016.0,-,9999.99,6,1.0,1.4,1.0,1.5,1.0,1.0,1.0,1.0,,,,1.0,1.0,,15.0,,,,9/3
2016,61801,2,471.0,893.0,2016-07-14,3,41,1,1,1,1,2,410.0,1.0,,,,,,,,,,,,,,,,,,,,,,15.0,,,,3
2016,13239,1,,1142.0,2016-08-12,8,3,1,1,1,1,1,,,,,,2.0,-,318.6,7,2.0,2.0,2.0,,,,,,,,,,,,18.0,,,,2
2016,58215,2,15.0,519.0,2016-07-01,17,50,1,1,2,1,2,508.0,1.0,,,,,,,,,,,,,,,,,,,,,,14.0,,,,21
2016,56759,2,431.0,733.0,2016-06-16,17,10,1,1,2,1,2,104.0,1.0,,,,,,,,,,,,,,,,,,,,,,15.0,,,,99
2016,13009,1,2120.0,947.0,2016-08-29,13,17,1,1,2,1,1,,,,,,4517.0,-,9999.99,4,1.0,1.2,1.0,1.0,,1.0,1.0,2.0,,,,1.0,1.0,8.0,18.0,1.0,1.0,,3/16
2016,58939,2,51.0,1258.0,2016-07-29,16,60,1,1,2,1,2,604.0,1.0,,,,,,,,,,,,,,,,,,,2.0,1.0,2.0,15.0,4.0,1.0,,9
2016,62338,2,681.0,450.0,2016-07-26,2,21,1,1,1,1,2,228.0,1.0,,,,,,,,,,,,,,,,,,,1.0,1.0,,14.0,,,,99
2016,47649,2,471.0,582.0,2016-04-17,11,41,1,1,2,1,2,410.0,1.0,,,,,,,,,,,,,,,,,,,,,2.0,15.0,,1.0,,9
2016,8441,1,4400.0,819.0,2016-06-27,14,34,1,1,2,1,1,,,,,,505.0,-,34.2,4,1.0,1.0,1.0,1.0,1.0,,,,,,,,,8.0,10.0,1.0,1.0,,21
2016,78857,2,51.0,2048.0,2016-11-20,15,60,1,1,2,1,2,604.0,1.0,,,,,,,,,,,,,,,,,,,2.0,1.0,,14.0,,,,21
2016,30531,2,301.0,33.0,2016-01-17,13,30,1,1,2,1,2,340.0,1.0,,,,,,,,,,,,,,,,,,,,,,15.0,,,,8
2016,49803,2,45.0,464.0,2016-05-21,15,60,1,1,2,1,2,607.0,1.0,,,,,,,,,,,,,,,,,,,,,7.0,14.0,,,,21
2016,44292,2,7.0,385.0,2016-04-25,13,50,1,1,2,1,2,514.0,1.0,,,,,,,,,,,,,,,,,,,1.0,1.0,,14.0,4.0,4.0,,9
2016,62346,2,681.0,455.0,2016-07-27,1,21,1,1,1,1,2,228.0,1.0,,,,,,,,,,,,,,,,,,,,,,15.0,,,,9
2016,39936,2,3.0,152.0,2016-03-05,10,50,1,1,2,1,2,506.0,2.0,,,,,,,,,,,,,,,,,,,,,7.0,14.0,,18.0,,21
2016,50831,2,113.0,293.0,2016-05-13,15,22,1,1,2,1,2,242.0,2.0,,,1.0,,,,,,,,,,,,,,,,,,,15.0,4.0,12.0,,12/4
2016,6096,1,8116.0,1363.0,2016-04-06,18,4,1,1,2,1,1,,,,,,3105.0,-,22.1,5,1.0,2.0,1.0,1.5,1.0,1.0,1.0,1.0,,,,1.0,2.0,8.0,13.0,1.0,1.0,,3/16
2016,63817,2,45.0,707.0,2016-08-06,11,60,1,1,2,1,2,607.0,1.0,,,,,,,,,,,,,,,,,,,,,7.0,14.0,,,,21
2016,40729,2,51.0,414.0,2016-03-19,16,60,1,1,2,1,2,604.0,1.0,,,,,,,,,,,,,,,,,,,2.0,1.0,2.0,15.0,4.0,1.0,,9
2016,42595,2,421.0,336.0,2016-03-27,22,27,1,1,1,1,2,311.0,1.0,,,,,,,,,,,,,,,,,,,1.0,,,14.0,,,,19/3
2016,78778,2,51.0,2000.0,2016-11-14,22,60,1,1,1,1,2,604.0,2.0,,,1.0,,,,,,,,,,,,,,,,1.0,2.0,2.0,15.0,4.0,1.0,,9/3
2016,55746,2,141.0,120.0,2016-06-06,23,18,1,1,1,1,2,189.0,1.0,,,,,,,,,,,,,,,,,,,,,,15.0,,,,9
2016,40111,2,1.0,363.0,2016-03-31,15,50,1,1,2,1,2,509.0,1.0,,,,,,,,,,,,,,,,,,,,,,14.0,,,,3
2016,45785,2,74.0,135.0,2016-04-15,8,14,1,1,2,1,2,150.0,1.0,,,,,,,,,,,,,,,,,,,,,,15.0,,,,8
2016,75542,2,322.0,710.0,2016-10-30,20,26,1,1,1,1,2,298.0,2.0,,,,,,,,,,,,,,,,,,,,,,15.0,,,,12/19
2016,40117,2,21.0,182.0,2016-03-02,16,51,1,1,2,1,2,510.0,1.0,,,,,,,,,,,,,,,,,,,,,,14.0,,,,3/14
2016,758,1,7410.0,293.0,2016-01-22,14,54,1,1,2,1,1,,,,,,1.0,-,386.8,4,1.0,,,,,,1.0,1.0,,,,1.0,1.0,,15.0,,,,9
2016,6072,1,8116.0,1599.0,2016-04-23,23,4,1,1,1,1,1,,,,,,3102.0,-,20.0,5,1.0,2.0,1.0,1.7,1.0,1.0,1.0,1.0,,,,1.0,1.0,8.0,13.0,1.0,1.0,,3/16
2016,981,1,99999.0,140.0,2016-01-11,18,11,1,1,2,1,1,,,,,,2127.0,-,6.4,5.1,1.0,2.0,1.0,2.0,1.0,1.0,2.0,2.0,,,,1.0,1.0,,18.0,,,,4
2016,57532,2,9.0,781.0,2016-07-09,21,50,1,1,1,1,2,504.0,1.0,,,,,,,,,,,,,,,,,,,,,,15.0,,,,3
2016,15089,1,9110.0,1680.0,2016-09-20,17,43,1,1,2,1,2,436.0,,,,,,,,,,,,,,,,,,,,,,1.0,15.0,1.0,,,12
2016,56488,2,322.0,345.0,2016-06-03,15,26,1,1,2,1,2,298.0,2.0,,,,,,,,,,,,,,,,,,,,,,15.0,,,,12
2016,1694,1,2110.0,267.0,2016-02-02,6,61,1,1,1,1,1,,,,,,409.0,-,34.0,,,,,,,,2.0,2.0,,,,,,,13.0,,,,2/21
2016,54129,2,2.0,503.0,2016-06-23,20,50,1,1,2,1,2,506.0,1.0,,,,,,,,,,,,,,,,,,,1.0,1.0,,15.0,,,,9
2016,6542,1,7104.0,1038.0,2016-04-22,10,50,1,1,2,1,1,,,,,,9999.0,-,9999.99,6,1.0,1.2,1.0,1.2,1.0,1.0,1.0,1.0,,,,1.0,1.0,1.0,15.0,1.0,4.0,,12
2016,84809,2,212.0,1136.0,2016-12-07,17,23,1,1,2,1,2,254.0,2.0,,,1.0,,,,,,,,,,,,,,,,,,,15.0,,,,12
2016,17131,1,,979.0,2016-09-02,11,34,1,1,2,1,1,,,,,,5412.0,-,1.6,4,1.0,1.1,1.0,1.0,1.0,,,,,,,,,,15.0,,,,9
2016,73132,2,21.0,895.0,2016-10-19,19,51,1,1,2,1,2,510.0,1.0,,,,,,,,,,,,,,,,,,,,,,15.0,,,,12
2016,68675,2,45.0,850.0,2016-09-18,22,60,1,1,1,1,2,607.0,1.0,,,,,,,,,,,,,,,,,,,,,,14.0,,,,3
2016,73838,2,73.0,382.0,2016-10-12,18,14,1,1,2,1,2,150.0,1.0,,,,,,,,,,,,,,,,,,,,,,15.0,,,,3/9
2016,17146,1,4413.0,1628.0,2016-09-30,10,34,1,1,2,1,2,374.0,,,,,,,,,,,,,,,,,,,,,,,14.0,,,,21/5/14
2016,18300,1,9206.0,3579.0,2016-10-04,21,27,1,1,1,1,2,314.0,,,,,,,,,,,,,,,,,,,,,,,15.0,,,,3
2016,80086,2,161.0,238.0,2016-11-18,22,61,1,1,1,1,2,175.0,1.0,,,,,,,,,,,,,,,,,,,,,7.0,14.0,1.0,16.0,,4
2016,32020,2,212.0,84.0,2016-01-29,2,23,1,1,1,1,2,254.0,1.0,,,,,,,,,,,,,,,,,,,,,,18.0,,,,16
2016,9239,1,4302.0,433.0,2016-06-26,19,42,1,1,2,1,1,,,,,,9999.0,-,9999.99,4,1.0,,,,,1.0,2.0,2.0,,,,1.0,1.0,,14.0,,,,4/5/14
2016,67109,2,731.0,141.0,2016-08-06,23,25,1,1,1,1,2,276.0,1.0,,,,,,,,,,,,,,,,,,,,,,14.0,1.0,16.0,,12
2016,84196,2,81.0,1754.0,2016-12-15,18,42,1,1,1,1,2,420.0,1.0,,,,,,,,,,,,,,,,,,,2.0,2.0,,15.0,,,,9
2016,48531,2,13.0,347.0,2016-05-21,18,50,1,1,2,1,2,514.0,1.0,,,,,,,,,,,,,,,,,,,,,,14.0,4.0,3.0,,21
2016,56578,2,421.0,673.0,2016-06-02,23,27,1,1,1,1,2,311.0,2.0,,,,,,,,,,,,,,,,,,,,,,15.0,3.0,4.0,,12
2016,58810,2,45.0,649.0,2016-07-17,23,60,1,1,1,1,2,607.0,2.0,,,1.0,,,,,,,,,,,,,,,,,,3.0,15.0,,,,12
2016,16212,1,7306.0,2389.0,2016-09-04,6,28,1,1,2,1,1,,,,,,3503.0,-,9999.99,5,1.0,1.0,1.0,1.0,1.0,1.0,2.0,2.0,,,,1.0,,3.0,15.0,8.0,12.0,,12
2016,45535,2,55.0,155.0,2016-04-24,17,60,1,2,1,1,2,612.0,1.0,,,,,,,,,,,,,,,,,,,,,2.0,15.0,4.0,,,9
2016,75100,2,271.0,238.0,2016-10-10,2,40,1,1,1,1,2,421.0,1.0,,,,,,,,,,,,,,,,,,,1.0,1.0,3.0,15.0,8.0,1.0,,3
2016,49550,2,41.0,243.0,2016-05-09,22,60,1,1,1,1,2,603.0,1.0,,,,,,,,,,,,,,,,,,,,,,18.0,,,,16
2016,41436,2,113.0,135.0,2016-03-04,9,22,1,1,2,1,2,242.0,1.0,,,,,,,,,,,,,,,,,,,,1.0,,14.0,,,,4
2016,12690,1,1308.0,1668.0,2016-08-04,16,16,1,1,2,1,1,,,,,,405.0,-,14.0,6,1.0,1.0,1.0,1.2,1.0,,1.0,2.0,,,,1.0,1.0,,13.0,9.0,,,4
2016,86909,2,731.0,206.0,2016-12-22,16,25,1,1,2,1,2,276.0,1.0,,,,,,,,,,,,,,,,,,,1.0,1.0,,14.0,,16.0,,3/5
2016,63633,2,43.0,549.0,2016-08-08,18,60,1,1,2,1,2,603.0,2.0,,,,,,,,,,,,,,,,,,,,,,15.0,,,,12
2016,59149,2,52.0,399.0,2016-07-02,16,60,1,1,2,1,2,613.0,1.0,,,,,,,,,,,,,,,,,,,,,,14.0,,,,3/14
2016,48615,2,7.0,442.0,2016-05-16,20,50,1,1,2,1,2,514.0,2.0,,,1.0,,,,,,,,,,,,,,,,1.0,1.0,,15.0,,,,99
2016,77541,2,11.0,802.0,2016-11-07,9,50,1,1,2,1,2,504.0,1.0,,,,,,,,,,,,,,,,,,,,,,15.0,2.0,1.0,,99
2016,40168,2,21.0,201.0,2016-03-09,18,51,1,1,2,1,2,510.0,1.0,,,,,,,,,,,,,,,,,,,,,,15.0,,,,12
2016,4956,1,2104.0,1364.0,2016-04-24,15,16,1,1,2,1,1,,,,,,1.0,-,245.49,10,1.0,1.5,1.0,1.5,1.0,1.0,1.0,1.0,,,,1.0,1.0,1.0,15.0,1.0,4.0,,3
2016,2671,1,8201.0,801.0,2016-02-28,22,20,1,1,1,1,1,,,,,,401.0,-,163.8,6,1.0,1.2,1.0,1.3,1.0,1.0,1.0,1.0,,,,1.0,1.0,8.0,13.0,1.0,10.0,,21
2016,59274,2,42.0,660.0,2016-07-25,19,60,1,1,2,1,2,603.0,1.0,,,,,,,,,,,,,,,,,,,,,,18.0,,,,21
2016,62143,2,551.0,170.0,2016-07-23,10,20,1,1,2,1,2,218.0,1.0,,,,,,,,,,,,,,,,,,,1.0,1.0,,15.0,,,,9
2016,84417,2,111.0,2186.0,2016-12-09,12,22,1,1,2,1,2,242.0,2.0,,,,,,,,,,,,,,,,,,,,,3.0,15.0,7.0,4.0,,12
2016,80612,2,421.0,9999.0,2016-11-29,21,27,1,1,1,1,2,311.0,1.0,,,,,,,,,,,,,,,,,,,1.0,,1.0,15.0,,,,8/4/1
2016,86242,2,471.0,1782.0,2016-12-28,9,41,1,1,2,1,2,410.0,1.0,,,,,,,,,,,,,,,,,,,1.0,1.0,,15.0,,,,4/8
2016,63424,2,21.0,725.0,2016-08-19,22,51,1,1,1,1,2,510.0,1.0,,,,,,,,,,,,,,,,,,,,,,14.0,,,,5
2016,38364,2,473.0,,2016-02-19,1,45,1,1,1,1,2,452.0,1.0,,,,,,,,,,,,,,,,,,,,,,18.0,,,,19/16
2016,80340,2,662.0,1544.0,2016-11-12,12,5,1,1,2,1,2,56.0,1.0,,,2.0,,,,,,,,,,,,,,,,1.0,1.0,,15.0,,,,8
2016,51153,2,171.0,213.0,2016-05-07,17,18,1,1,2,1,2,195.0,1.0,,,,,,,,,,,,,,,,,,,,,,14.0,,,,99
2016,86679,2,561.0,746.0,2016-12-26,18,28,1,1,2,1,2,328.0,2.0,,,1.0,,,,,,,,,,,,,,,,1.0,1.0,,15.0,,,,12
2016,84587,2,113.0,836.0,2016-12-31,16,22,1,1,2,1,2,242.0,1.0,,,,,,,,,,,,,,,,,,,,,,18.0,,,,16
2016,56699,2,431.0,745.0,2016-06-22,16,10,1,1,2,1,2,104.0,2.0,,,,,,,,,,,,,,,,,,,,,,15.0,,,,12
2016,81648,2,42.0,1072.0,2016-11-29,9,60,1,1,2,1,2,603.0,2.0,,,,,,,,,,,,,,,,,,,,,,15.0,,,,9
2016,269,1,7109.0,207.0,2016-01-22,20,50,1,1,2,1,1,,,,,,3336.0,-,9999.99,6.5,1.0,2.0,1.0,1.7,1.0,1.0,2.0,2.0,,,,1.0,1.0,2.0,15.0,4.0,1.0,,3
2016,83489,2,44.0,766.0,2016-12-08,8,60,1,1,2,1,2,603.0,1.0,,,,,,,,,,,,,,,,,,,,,,15.0,,,,12
2016,20777,1,8116.0,4487.0,2016-11-15,20,4,1,1,1,1,1,,,,,,8.0,-,371.3,6,1.0,2.0,1.0,2.0,1.0,,1.0,1.0,,,,1.0,1.0,,15.0,,,,9
2016,288,1,7106.0,198.0,2016-01-21,15,51,1,1,1,1,1,,,,,,9999.0,-,9999.99,10.2,1.0,,,,,1.0,2.0,2.0,,,,1.0,1.0,1.0,15.0,1.0,2.0,,8
2016,66242,2,451.0,9999.0,2016-08-05,21,27,1,1,1,1,2,314.0,2.0,,,3.0,,,,,,,,,,,,,,,,1.0,1.0,8.0,14.0,1.0,,,21/5
2016,10675,1,6308.0,1091.0,2016-07-01,18,49,1,1,2,1,1,,,,,,6.0,-,451.7,7,1.0,1.5,1.0,1.5,1.0,1.0,1.0,1.0,,,,1.0,1.0,8.0,18.0,9.0,1.0,,6
2016,84075,2,72.0,1313.0,2016-12-24,13,14,1,1,2,1,2,150.0,2.0,,,1.0,,,,,,,,,,,,,,,,1.0,1.0,,14.0,,,,3