ANN_ACC,NUM_ACC,TYP_EPV,NUM_EPV,NPV,DAT_ACC,HEU_ACC,COD_PRV,COD_ETA_CHA,COD_ETA_SUR,COD_LUM,COD_INT,TYP_LIE_ACC,COD_AGG,LOC,COD_BOU,COD_CAR,COD_TYP_CAR_AGG,NUM_ROU,SUF_NUM_ROU,PKM,LAR_CHA,COD_TYP_CHA,LAR_ACO_DRO,POS_ACO_DRO,LAR_ACO_GAU,POS_ACO_GAU,COD_TOP,SIG_HOR,SIG_VER,NUM_ROU_COU,SUF_NUM_ROU_COU,COD_TYP_CAR_CAM,COD_PRO_LON,COD_TRA_PLA,COD_TYP_COL,COD_OBS_HRT,COD_POI_CHO,COD_MAN,COD_CAU_ACC,CIR_ACC
2016,83120,2,2.0,1072.0,2016-12-28,20,50,1,1,1,1,2,506.0,1.0,,,,,,,,,,,,,,,,,,,1.0,1.0,,15.0,4.0,1.0,,99
2016,51546,2,291.0,21.0,2016-05-02,18,9,1,1,2,1,2,93.0,1.0,,,,,,,,,,,,,,,,,,,1.0,1.0,,14.0,,,,21/4/5
2016,41245,2,111.0,427.0,2016-03-17,9,22,1,1,2,1,2,242.0,1.0,,,,,,,,,,,,,,,,,,,1.0,1.0,,15.0,,,,3
2016,17554,1,7410.0,1957.0,2016-10-19,21,53,1,1,1,1,2,206.0,1.0,,,,,,,,,,,,,,,,,,,,,3.0,15.0,2.0,12.0,,9/3
2016,2417,1,99999.0,852.0,2016-02-06,18,34,1,1,2,1,1,,,,,,802.0,-,263.7,4.5,1.0,1.4,1.0,1.5,1.0,1.0,1.0,1.0,,,,1.0,1.0,8.0,18.0,1.0,4.0,,21
2016,5877,1,1313.0,2577.0,2016-04-22,23,18,1,1,1,1,1,,,,,,802.0,-,35.0,7,2.0,2.0,1.0,,,,1.0,2.0,,,,1.0,1.0,2.0,15.0,4.0,1.0,,9
2016,5000,1,1111.0,414.0,2016-04-29,23,60,1,1,1,1,1,,,,,,801.0,-,12.5,10.5,,,,,,,1.0,1.0,,,,1.0,1.0,,15.0,,,,9
2016,22991,1,8116.0,4865.0,2016-12-14,9,4,1,1,2,1,1,,,,,,307.0,-,29.6,5,1.0,2.0,1.0,2.2,1.0,1.0,1.0,1.0,,,,1.0,1.0,7.0,15.0,9.0,4.0,,9/3
2016,64800,2,111.0,1363.0,2016-08-17,23,22,1,1,1,1,2,242.0,1.0,,,,,,,,,,,,,,,,,,,,,3.0,14.0,8.0,16.0,,4
2016,49792,2,45.0,482.0,2016-05-25,17,60,1,1,2,1,2,607.0,2.0,,,1.0,,,,,,,,,,,,,,,,,,,15.0,,,,12
2016,76523,2,565.0,,2016-10-29,13,54,1,1,2,1,2,320.0,1.0,,,,,,,,,,,,,,,,,,,1.0,1.0,,14.0,,,,21/5
2016,35748,2,21.0,157.0,2016-02-21,21,51,1,1,1,1,2,510.0,2.0,,,,,,,,,,,,,,,,,,,,,,15.0,,,,12
2016,86428,2,473.0,,2016-12-23,19,45,1,1,1,1,2,452.0,2.0,,,3.0,,,,,,,,,,,,,,,,,,,15.0,,,,12
2016,22075,1,99999.0,3240.0,2016-12-05,17,9,1,1,2,1,1,,,,,,2.0,-,168.9,6.4,1.0,1.0,1.0,1.4,1.0,3.0,1.0,1.0,,,,1.0,2.0,8.0,18.0,,14.0,,21
2016,44901,2,21.0,320.0,2016-04-19,17,51,1,1,2,1,2,510.0,1.0,,,,,,,,,,,,,,,,,,,,,,15.0,,,,3
2016,68420,2,42.0,797.0,2016-09-09,20,60,1,1,1,1,2,603.0,2.0,,,2.0,,,,,,,,,,,,,,,,2.0,1.0,,15.0,,,,12
2016,82480,2,6.0,916.0,2016-12-24,18,50,1,1,1,1,2,507.0,2.0,,,1.0,,,,,,,,,,,,,,,,1.0,1.0,7.0,18.0,,,,99
2016,56852,2,471.0,768.0,2016-06-10,19,41,1,1,2,1,2,410.0,1.0,,,,,,,,,,,,,,,,,,,,,,15.0,,,,9/3
2016,83321,2,42.0,1150.0,2016-12-20,11,60,1,2,2,2,2,603.0,2.0,,,2.0,,,,,,,,,,,,,,,,,,,15.0,,,,12
2016,83482,2,44.0,755.0,2016-12-03,21,60,1,1,1,1,2,603.0,1.0,,,,,,,,,,,,,,,,,,,,,,15.0,,,,8
2016,48122,2,681.0,205.0,2016-04-17,19,21,1,1,2,1,2,228.0,2.0,,,1.0,,,,,,,,,,,,,,,,1.0,1.0,,15.0,1.0,2.0,,12
2016,74928,2,212.0,1016.0,2016-10-31,15,23,1,1,2,1,2,254.0,2.0,,,1.0,,,,,,,,,,,,,,,,,,,15.0,,,,12
2016,68782,2,51.0,1608.0,2016-09-22,9,60,1,1,2,1,2,604.0,1.0,,,,,,,,,,,,,,,,,,,2.0,1.0,2.0,15.0,,,,9
2016,13192,1,3310.0,2605.0,2016-08-21,1,40,1,1,1,1,1,,,,,,1.0,-,106.2,7,1.0,1.0,1.0,1.5,1.0,1.0,1.0,1.0,,,,1.0,1.0,8.0,13.0,7.0,11.0,,21
2016,55775,2,171.0,299.0,2016-06-15,17,18,1,1,2,1,2,195.0,1.0,,,,,,,,,,,,,,,,,,,,,,15.0,,,,3/9
2016,8676,1,2116.0,1474.0,2016-06-09,10,16,1,1,2,1,1,,,,,,805.0,-,146.0,7,1.0,2.5,1.0,,,,1.0,1.0,,,,1.0,1.0,,18.0,,,,21
2016,82097,2,9.0,1455.0,2016-12-21,0,50,1,1,1,1,2,504.0,1.0,,,,,,,,,,,,,,,,,,,1.0,1.0,,18.0,,,,16
2016,65709,2,302.0,793.0,2016-08-30,16,30,1,1,2,1,2,340.0,1.0,,,,,,,,,,,,,,,,,,,,,,15.0,,,,9
2016,76333,2,501.0,255.0,2016-10-01,17,32,1,1,2,1,2,354.0,1.0,,,,,,,,,,,,,,,,,,,,,,1.0,1.0,21.0,,3
2016,4065,1,8117.0,848.0,2016-03-15,9,5,1,1,2,1,1,,,,,,309.0,-,63.8,5.8,1.0,1.9,1.0,1.5,1.0,,2.0,2.0,,,,1.0,1.0,,14.0,,,,3/5/14
2016,66884,2,565.0,,2016-08-18,17,54,1,1,2,1,2,320.0,2.0,,,1.0,,,,,,,,,,,,,,,,1.0,1.0,,15.0,,,,12
2016,3568,1,9204.0,942.0,2016-03-24,20,27,1,1,1,1,1,,,,,,2307.0,-,17.8,6.4,1.0,2.1,1.0,2.0,1.0,,2.0,2.0,,,,1.0,1.0,2.0,15.0,3.0,1.0,,9/3
2016,6144,1,8113.0,282.0,2016-04-01,12,4,1,1,2,1,1,,,,,,9999.0,-,9999.99,6.1,1.0,4.0,1.0,4.3,1.0,,2.0,2.0,,,,1.0,1.0,8.0,14.0,1.0,1.0,,3/5
2016,17469,1,4506.0,3354.0,2016-10-02,0,35,2,1,1,1,1,,,,,,509.0,-,13.2,4,1.0,1.5,1.0,1.5,1.0,,,,,,,,,8.0,13.0,,,,2
2016,54610,2,51.0,1069.0,2016-06-30,10,60,1,1,2,1,2,604.0,1.0,,,,,,,,,,,,,,,,,,,,,2.0,15.0,4.0,1.0,,9/3
2016,76325,2,501.0,273.0,2016-10-18,21,32,1,1,1,1,2,354.0,1.0,,,,,,,,,,,,,,,,,,,,,,15.0,1.0,12.0,,3
2016,40196,2,41.0,174.0,2016-03-30,10,60,1,1,2,1,2,603.0,1.0,,,,,,,,,,,,,,,,,,,,,,14.0,,,,3
2016,43284,2,541.0,150.0,2016-03-30,15,20,1,1,2,1,2,217.0,1.0,,,,,,,,,,,,,,,,,,,1.0,1.0,,15.0,,,,9/3
2016,67861,2,14.0,947.0,2016-09-09,15,50,1,1,2,1,2,507.0,1.0,,,,,,,,,,,,,,,,,,,1.0,,,14.0,,,,21/5/14
2016,31467,2,731.0,11.0,2016-01-23,21,25,1,1,1,1,2,276.0,1.0,,,,,,,,,,,,,,,,,,,1.0,1.0,,9.0,,,,16/19
2016,2559,1,8116.0,688.0,2016-02-16,10,4,1,1,2,1,1,,,,,,8.0,-,374.8,6.2,1.0,2.0,1.0,2.2,1.0,1.0,1.0,1.0,,,,1.0,1.0,3.0,15.0,3.0,6.0,,12
2016,33697,2,331.0,41.0,2016-01-27,2,47,1,2,1,2,2,292.0,1.0,,,,,,,,,,,,,,,,,,,1.0,,,15.0,,,,4
2016,77807,2,7.0,1066.0,2016-11-19,0,50,1,1,1,1,2,514.0,1.0,,,,,,,,,,,,,,,,,,,1.0,1.0,,14.0,,,,99
2016,86621,2,541.0,609.0,2016-12-30,20,20,1,1,1,1,2,217.0,2.0,,,1.0,,,,,,,,,,,,,,,,,,,15.0,,,,12
2016,69981,2,171.0,496.0,2016-09-25,17,18,1,1,2,1,2,195.0,2.0,,,,,,,,,,,,,,,,,,,,,,14.0,,,,21/5
2016,9224,1,,1186.0,2016-06-12,15,14,1,1,2,1,1,,,,,,8.0,-,744.9,7.5,1.0,3.0,1.0,3.0,1.0,,1.0,1.0,,,,1.0,2.0,,2.0,,,,4
2016,1175,1,5201.0,16.0,2016-01-06,12,19,1,1,2,1,1,,,,,,503.0,-,258.8,6.9,1.0,1.5,1.0,1.5,1.0,1.0,2.0,2.0,,,,1.0,1.0,8.0,14.0,3.0,16.0,,21/5
2016,69203,2,73.0,352.0,2016-09-27,12,14,1,1,2,1,2,150.0,1.0,,,,,,,,,,,,,,,,,,,,,,14.0,1.0,,,21
2016,16366,1,9207.0,2722.0,2016-09-09,9,27,1,1,2,1,1,,,,,,2306.0,-,35.8,7,1.0,1.6,2.0,1.7,1.0,,2.0,2.0,,,,1.0,1.0,3.0,15.0,7.0,8.0,,9/3
2016,11295,1,1403.0,732.0,2016-07-22,17,6,1,1,2,1,1,,,,,,404.0,-,126.5,7.5,1.0,2.1,1.0,2.2,1.0,1.0,1.0,1.0,,,,1.0,1.0,3.0,15.0,7.0,6.0,,12
2016,85848,2,322.0,757.0,2016-12-28,11,26,1,1,2,1,2,298.0,1.0,,,,,,,,,,,,,,,,,,,1.0,1.0,,14.0,,,,21
2016,31397,2,681.0,36.0,2016-01-20,21,21,1,1,1,1,2,228.0,2.0,,,1.0,,,,,,,,,,,,,,,,1.0,1.0,,15.0,1.0,2.0,,3
2016,78728,2,19.0,1213.0,2016-11-11,13,50,1,1,2,1,2,509.0,1.0,,,,,,,,,,,,,,,,,,,1.0,,,15.0,,,,3
2016,84304,2,111.0,2138.0,2016-12-02,15,22,1,1,2,1,2,242.0,1.0,,,,,,,,,,,,,,,,,,,,,1.0,14.0,1.0,16.0,,21
2016,83822,2,51.0,2292.0,2016-12-27,23,60,1,1,1,1,2,604.0,1.0,,,,,,,,,,,,,,,,,,,1.0,2.0,,15.0,,,,9/3
2016,2688,1,4117.0,463.0,2016-02-03,18,14,1,1,2,1,1,,,,,,8.0,-,723.0,11,1.0,1.5,1.0,2.0,1.0,1.0,1.0,1.0,,,,1.0,1.0,8.0,14.0,1.0,16.0,,3/5
2016,22264,1,5118.0,2092.0,2016-12-04,17,23,1,1,2,1,1,,,,,,7027.0,-,9999.99,5.5,1.0,1.5,1.0,1.5,1.0,1.0,1.0,1.0,,,,1.0,1.0,1.0,15.0,,,,12/3
2016,78074,2,5.0,883.0,2016-11-13,0,50,1,1,1,1,2,507.0,2.0,,,,,,,,,,,,,,,,,,,,,,15.0,,,,12
2016,17407,1,5111.0,1769.0,2016-09-02,19,23,1,1,2,1,1,,,,,,413.0,-,93.9,6.5,1.0,2.0,1.0,2.0,1.0,,1.0,1.0,,,,1.0,1.0,3.0,15.0,1.0,1.0,,9
2016,53333,2,7.0,515.0,2016-06-09,0,50,1,1,1,1,2,514.0,1.0,,,,,,,,,,,,,,,,,,,1.0,1.0,,4.0,,,,16
2016,49468,2,21.0,421.0,2016-05-29,10,51,1,1,2,1,2,510.0,1.0,,,,,,,,,,,,,,,,,,,,,,14.0,,,,5
2016,72097,2,10.0,1094.0,2016-10-16,1,50,1,1,1,1,2,504.0,2.0,,,1.0,,,,,,,,,,,,,,,,1.0,1.0,,15.0,,,,99
2016,75954,2,441.0,9999.0,2016-10-27,10,10,1,1,2,1,2,101.0,,,,,,,,,,,,,,,,,,,,,,,14.0,,,,3/5
2016,14518,1,7215.0,2937.0,2016-08-09,12,58,1,1,2,1,1,,,,,,7.0,-,27.5,7.6,1.0,1.5,1.0,1.3,1.0,,1.0,1.0,,,,1.0,1.0,3.0,15.0,7.0,7.0,,12
2016,78712,2,21.0,1019.0,2016-11-24,16,51,1,1,2,1,2,510.0,1.0,,,,,,,,,,,,,,,,,,,,,,15.0,,,,3
2016,73245,2,53.0,255.0,2016-10-25,18,6,1,1,2,1,2,61.0,1.0,,,,,,,,,,,,,,,,,,,1.0,1.0,8.0,14.0,1.0,16.0,,21/5
2016,36889,2,111.0,377.0,2016-02-25,22,22,1,1,1,1,2,242.0,1.0,,,,,,,,,,,,,,,,,,,1.0,1.0,,15.0,,,,3
2016,46173,2,112.0,568.0,2016-04-11,19,22,1,1,1,9,2,242.0,2.0,,,1.0,,,,,,,,,,,,,,,,,,,15.0,,,,12
2016,48816,2,5.0,375.0,2016-05-16,19,50,1,1,2,1,2,507.0,2.0,,,1.0,,,,,,,,,,,,,,,,1.0,1.0,,14.0,,,,21/5
2016,78004,2,6.0,813.0,2016-11-11,19,50,1,1,1,1,2,507.0,1.0,,,,,,,,,,,,,,,,,,,,,2.0,15.0,4.0,1.0,,3
2016,7344,1,44.0,2654.0,2016-05-05,15,34,1,1,2,1,1,,,,,,802.0,-,260.45,6,1.0,1.0,1.0,1.0,1.0,,,,,,,,,8.0,15.0,4.0,1.0,,9
2016,19359,1,9111.0,1966.0,2016-10-06,1,22,1,1,1,1,1,,,,,,7.0,-,102.2,9,1.0,1.5,1.0,1.5,1.0,1.0,1.0,1.0,,,,1.0,1.0,8.0,14.0,4.0,,,21/5
2016,72894,2,7.0,805.0,2016-10-31,15,50,1,1,2,1,2,506.0,1.0,,,,,,,,,,,,,,,,,,,1.0,1.0,7.0,14.0,,,,3/5
2016,63709,2,44.0,,2016-08-25,18,60,1,1,2,1,2,603.0,1.0,,,,,,,,,,,,,,,,,,,,,,15.0,,,,4
2016,20042,1,11209.0,2585.0,2016-11-25,22,63,1,1,1,1,1,,,,,,113.0,-,34.8,6,1.0,1.1,1.0,,,,2.0,1.0,,,,1.0,2.0,,15.0,,,,12
2016,6237,1,9118.0,1303.0,2016-04-07,17,22,1,1,2,1,1,,,,,,9999.0,-,9999.99,5,1.0,,,,,1.0,2.0,2.0,,,,1.0,1.0,,15.0,,,,9/3
2016,69220,2,73.0,326.0,2016-09-08,12,14,1,1,2,1,2,150.0,1.0,,,,,,,,,,,,,,,,,,,,,8.0,14.0,1.0,16.0,,21/5/14
2016,48663,2,14.0,449.0,2016-05-01,19,50,1,1,2,1,2,507.0,1.0,,,,,,,,,,,,,,,,,,,,,,15.0,,,,9
2016,62060,2,501.0,178.0,2016-07-29,14,32,1,1,2,1,2,354.0,1.0,,,,,,,,,,,,,,,,,,,,,,14.0,4.0,17.0,,13
2016,63,1,,38.0,2016-01-03,15,2,1,1,2,1,1,,,,,,1714.0,-,9999.99,4,1.0,,,1.9,1.0,1.0,1.0,1.0,,,,1.0,1.0,,18.0,,,,4
2016,75196,2,303.0,648.0,2016-10-17,12,30,1,1,2,1,2,340.0,1.0,,,,,,,,,,,,,,,,,,,,,,15.0,,,,9
2016,11182,1,7312.0,1624.0,2016-07-12,13,28,1,1,2,1,1,,,,,,11.0,-,85.6,7.5,1.0,1.5,1.0,1.5,1.0,,1.0,1.0,,,,1.0,,,18.0,,,,4
2016,36284,2,51.0,257.0,2016-02-20,20,60,1,1,1,1,2,604.0,1.0,,,,,,,,,,,,,,,,,,,2.0,1.0,,14.0,,,,21/5/14
2016,44098,2,5.0,287.0,2016-04-15,8,50,1,1,2,1,2,507.0,1.0,,,,,,,,,,,,,,,,,,,,,,14.0,,,,3
2016,80581,2,421.0,1374.0,2016-11-07,13,27,1,1,2,1,2,311.0,1.0,,,,,,,,,,,,,,,,,,,1.0,,,15.0,,,,9
2016,53986,2,3.0,436.0,2016-06-15,19,50,1,1,2,1,2,506.0,1.0,,,,,,,,,,,,,,,,,,,,,7.0,15.0,1.0,18.0,,3
2017,9752,1,7214.0,1190.0,2017-06-03,12,10,1,1,2,1,1,,,,,,1.0,-,449.2,"6,8",1.0,1.6,1.0,1.5,1.0,,1.0,1.0,,,,1.0,1.0,2.0,15.0,4.0,1.0,,9/3
2017,9720,1,99999.0,975.0,2017-06-04,17,6,1,1,2,1,1,,,,,,3326.0,-,6.3,6,1.0,1.5,1.0,0.8,1.0,1.0,2.0,1.0,,,,1.0,1.0,4.0,15.0,1.0,1.0,,4
2017,9513,1,8108.0,1555.0,2017-06-18,19,5,1,1,1,1,1,,,,,,3224.0,-,9999.99,6,1.0,1.3,1.0,1.2,1.0,,2.0,2.0,,,,1.0,1.0,2.0,15.0,4.0,1.0,,9/3
2017,93686,2,3.0,452.0,2017-06-05,2,50,1,1,1,1,2,506.0,1.0,,,,,,,,,,,,,,,,,,,,,,15.0,4.0,1.0,,99
2017,93086,2,561.0,712.0,2017-12-15,21,28,1,1,1,1,2,328.0,2.0,,,1.0,,,,,,,,,,,,,,,,,,,15.0,,,,12
2017,92779,2,477.0,1987.0,2017-12-06,18,41,1,1,1,1,2,411.0,2.0,,,1.0,,,,,,,,,,,,,,,,1.0,1.0,,15.0,4.0,2.0,,12
2017,92771,2,477.0,,2017-12-19,16,41,1,1,2,1,2,411.0,1.0,,,,,,,,,,,,,,,,,,,1.0,,,14.0,,,,21
2017,92460,2,431.0,1561.0,2017-12-06,21,10,1,1,1,1,2,104.0,1.0,,,,,,,,,,,,,,,,,,,1.0,1.0,3.0,15.0,,,,4/12
2017,91803,2,301.0,694.0,2017-12-12,22,30,1,1,1,1,2,340.0,1.0,,,,,,,,,,,,,,,,,,,,,,14.0,,,,21
2017,91355,2,171.0,710.0,2017-12-29,17,18,1,1,2,1,2,195.0,1.0,,,,,,,,,,,,,,,,,,,1.0,1.0,,14.0,1.0,1.0,,3/14
2017,91212,2,133.0,838.0,2017-12-22,21,16,1,1,1,1,2,170.0,1.0,,,,,,,,,,,,,,,,,,,,,,15.0,,,,12
2017,90693,2,111.0,1436.0,2017-12-05,21,22,1,1,1,1,2,242.0,2.0,,,1.0,,,,,,,,,,,,,,,,,,,15.0,,,,12
2017,90627,2,91.0,253.0,2017-12-12,13,34,1,1,2,1,2,371.0,1.0,,,,,,,,,,,,,,,,,,,1.0,1.0,,15.0,,,,4
2017,89758,2,44.0,885.0,2017-12-23,18,60,1,1,1,1,2,603.0,2.0,,,1.0,,,,,,,,,,,,,,,,,,,15.0,,,,12
2017,89633,2,42.0,1653.0,2017-12-03,19,60,1,1,1,1,2,603.0,2.0,,,1.0,,,,,,,,,,,,,,,,,,,15.0,,,,12
2017,89485,2,21.0,1057.0,2017-12-09,8,51,1,1,2,1,2,510.0,1.0,,,,,,,,,,,,,,,,,,,,,,15.0,,,,99
2017,89064,2,4.0,2462.0,2017-12-23,20,50,1,1,1,1,2,508.0,1.0,,,,,,,,,,,,,,,,,,,,,,14.0,,,,21
2017,8869,1,9207.0,2278.0,2017-06-02,14,27,1,1,2,1,1,,,,,,1.0,-,554.0,7,1.0,2.0,1.0,2.0,1.0,,1.0,2.0,,,,1.0,1.0,2.0,15.0,6.0,1.0,,9/3
2017,87957,2,10.0,1520.0,2017-12-03,4,50,1,1,1,1,2,504.0,1.0,,,,,,,,,,,,,,,,,,,,,,15.0,,,,99
2017,87822,2,681.0,743.0,2017-11-07,20,21,1,1,1,1,2,228.0,2.0,,,,,,,,,,,,,,,,,,,,,1.0,15.0,1.0,2.0,,12
2017,87327,2,474.0,,2017-11-24,9,45,1,1,2,1,2,454.0,1.0,,,,,,,,,,,,,,,,,,,1.0,1.0,,14.0,,,,5
2017,87131,2,471.0,1806.0,2017-11-11,17,41,1,1,2,1,2,410.0,1.0,,,,,,,,,,,,,,,,,,,1.0,1.0,2.0,15.0,4.0,1.0,,4
2017,86729,2,421.0,9999.0,2017-11-22,15,27,1,1,2,1,2,311.0,2.0,,,1.0,,,,,,,,,,,,,,,,1.0,,,15.0,,,,9/3
2017,86474,2,661.0,696.0,2017-11-23,13,5,1,1,2,1,2,54.0,1.0,,,,,,,,,,,,,,,,,,,,,,14.0,,,,3
2017,85036,2,111.0,1334.0,2017-11-14,4,22,1,1,1,1,2,242.0,1.0,,,,,,,,,,,,,,,,,,,,,3.0,15.0,7.0,1.0,,8
2017,84997,2,111.0,1393.0,2017-11-25,11,22,1,1,2,1,2,242.0,1.0,,,,,,,,,,,,,,,,,,,,,,14.0,,16.0,,21
2017,84898,2,101.0,619.0,2017-11-07,22,34,1,1,1,1,2,371.0,1.0,,,,,,,,,,,,,,,,,,,,,,15.0,,,,19/3
2017,84322,2,51.0,2204.0,2017-11-07,12,60,1,1,2,1,2,604.0,2.0,,,1.0,,,,,,,,,,,,,,,,1.0,2.0,3.0,15.0,2.0,12.0,,3/12
2017,83632,2,17.0,764.0,2017-11-14,19,50,1,1,1,1,2,506.0,1.0,,,,,,,,,,,,,,,,,,,,,,14.0,1.0,5.0,,3/4
2017,83608,2,17.0,799.0,2017-11-25,19,50,1,1,1,1,2,506.0,2.0,,,,,,,,,,,,,,,,,,,,,,15.0,2.0,4.0,,12
2017,83058,2,5.0,1124.0,2017-11-27,21,50,1,1,1,1,2,507.0,1.0,,,,,,,,,,,,,,,,,,,1.0,1.0,,3.0,,,,21/1
2017,82648,2,13.0,735.0,2017-11-16,18,50,1,1,1,1,2,514.0,2.0,,,1.0,,,,,,,,,,,,,,,,1.0,1.0,1.0,15.0,1.0,4.0,,12
2017,82461,2,12.0,950.0,2017-11-23,17,50,1,1,2,1,2,504.0,2.0,,,1.0,,,,,,,,,,,,,,,,1.0,1.0,,15.0,8.0,4.0,,12
2017,81431,2,460.0,,2017-10-28,15,58,1,1,2,1,2,109.0,2.0,,,1.0,,,,,,,,,,,,,,,,1.0,1.0,,15.0,1.0,2.0,,3
2017,8126,1,7414.0,1273.0,2017-05-25,21,54,1,1,1,1,2,323.0,1.0,,,,,,,,,,,,,,,,,,,,,,14.0,,,,9/5
2017,81224,2,421.0,,2017-10-15,12,27,1,1,2,1,2,311.0,1.0,,,,,,,,,,,,,,,,,,,1.0,,1.0,15.0,1.0,4.0,,3
2017,81032,2,331.0,548.0,2017-10-23,16,47,1,1,2,1,2,292.0,2.0,,,1.0,,,,,,,,,,,,,,,,1.0,1.0,,15.0,,,,4
2017,81017,2,322.0,649.0,2017-10-06,21,26,1,1,1,1,2,298.0,1.0,,,,,,,,,,,,,,,,,,,1.0,1.0,3.0,1.0,6.0,,,3
2017,80804,2,661.0,608.0,2017-10-22,14,5,1,1,2,1,2,54.0,1.0,,,,,,,,,,,,,,,,,,,1.0,,,15.0,,,,9
2017,8043,1,1111.0,1648.0,2017-05-23,17,28,1,1,1,1,1,,,,,,316.0,-,74.0,4,1.0,1.5,2.0,3.0,2.0,,1.0,2.0,,,,1.0,1.0,,13.0,,,,21
2017,80259,2,237.0,536.0,2017-10-29,15,23,1,1,2,1,2,253.0,2.0,,,,,,,,,,,,,,,,,,,,,3.0,15.0,,10.0,,9/3
2017,80069,2,211.0,968.0,2017-10-07,12,23,1,1,2,1,2,254.0,2.0,,,1.0,,,,,,,,,,,,,,,,,,,14.0,,,,12
2017,80000,2,171.0,590.0,2017-10-22,19,18,1,1,1,1,2,195.0,1.0,,,,,,,,,,,,,,,,,,,1.0,1.0,,15.0,,,,14/3
2017,79914,2,151.0,529.0,2017-10-04,16,16,1,1,2,1,2,173.0,1.0,,,,,,,,,,,,,,,,,,,,,,15.0,,,,9/3
2017,79345,2,112.0,1674.0,2017-10-25,21,22,1,1,1,1,2,242.0,2.0,,,,,,,,,,,,,,,,,,,,,,15.0,,,,12
2017,78439,2,51.0,1978.0,2017-10-08,15,60,1,1,2,1,2,604.0,1.0,,,,,,,,,,,,,,,,,,,1.0,2.0,4.0,15.0,4.0,1.0,,3
2017,78230,2,43.0,770.0,2017-10-24,11,60,1,1,2,1,2,603.0,1.0,,,,,,,,,,,,,,,,,,,,,,15.0,,,,9
2017,78100,2,42.0,1359.0,2017-10-09,12,60,1,1,2,1,2,603.0,1.0,,,,,,,,,,,,,,,,,,,,,,15.0,,,,12
2017,77963,2,21.0,875.0,2017-10-06,8,51,1,1,2,1,2,510.0,2.0,,,1.0,,,,,,,,,,,,,,,,,,,15.0,,,,4/12
2017,76776,2,13.0,622.0,2017-10-02,20,50,1,1,1,1,2,514.0,1.0,,,,,,,,,,,,,,,,,,,1.0,1.0,7.0,14.0,,18.0,,3
2017,76631,2,9.0,1496.0,2017-10-03,10,50,1,1,2,1,2,504.0,2.0,,,1.0,,,,,,,,,,,,,,,,,,,15.0,1.0,2.0,,12
2017,76481,2,11.0,972.0,2017-10-15,0,50,1,1,1,1,2,504.0,1.0,,,,,,,,,,,,,,,,,,,,,,15.0,,4.0,,99
2017,76395,2,10.0,1267.0,2017-10-20,14,50,1,1,2,1,2,504.0,2.0,,,,,,,,,,,,,,,,,,,,,3.0,15.0,7.0,4.0,,12
2017,76217,2,681.0,620.0,2017-09-18,16,21,1,1,2,1,2,228.0,1.0,,,,,,,,,,,,,,,,,,,,,,14.0,1.0,16.0,,21
2017,75788,2,473.0,,2017-09-23,8,45,1,1,2,1,2,452.0,1.0,,,,,,,,,,,,,,,,,,,,,,15.0,,,,3
2017,74750,2,161.0,208.0,2017-09-07,20,61,1,1,1,1,2,175.0,1.0,,,,,,,,,,,,,,,,,,,1.0,1.0,,14.0,,,,3/5
2017,74539,2,302.0,1116.0,2017-09-27,4,30,1,1,1,1,2,340.0,1.0,,,,,,,,,,,,,,,,,,,1.0,1.0,8.0,12.0,1.0,,,4
2017,73106,2,,1883.0,2017-09-28,11,60,1,1,2,1,2,604.0,1.0,,,,,,,,,,,,,,,,,,,1.0,1.0,3.0,15.0,2.0,19.0,,9
2017,73032,2,51.0,1902.0,2017-09-30,4,60,1,1,1,1,2,604.0,1.0,,,,,,,,,,,,,,,,,,,1.0,2.0,2.0,15.0,3.0,1.0,,9/3